id,listing name,listing name (commas removed),seller,price,refurb,model,rating,size_rating,memory,color,free return,free shipping,style
1,"Apple iPad 11-inch: A16 chip, 11-inch Model, Liquid Retina Display, 128GB, Wi-Fi 6, 12MP Front/12MP Back Camera, Touch ID, All-Day Battery Life — Blue",Apple iPad 11-inch: A16 chip 11-inch Model Liquid Retina Display 128GB Wi-Fi 6 12MP Front/12MP Back Camera Touch ID All-Day Battery Life — Blue,amazon.com,299.99,0,,4.7,18839,128,blue,1,1,wifi
2,"Apple iPad, 10.2-Inch, Wi-Fi, 32GB, Space Gray (Renewed)",Apple iPad 10.2-Inch Wi-Fi 32GB Space Gray (Renewed),Kanga Supply,129.99,1,7th gen,4.2,15542,32,space gray,1,1,wifi
3,"Apple iPad 11-inch: A16 chip, 11-inch Model, Liquid Retina Display, 128GB, Wi-Fi 6, 12MP Front/12MP Back Camera, Touch ID, All-Day Battery Life — Yellow",Apple iPad 11-inch: A16 chip 11-inch Model Liquid Retina Display 128GB Wi-Fi 6 12MP Front/12MP Back Camera Touch ID All-Day Battery Life — Yellow,amazon.com,299.99,0,,4.7,18839,128,yellow,1,1,wifi
4,"Apple iPad 11-inch: A16 chip, 11-inch Model, Liquid Retina Display, 256GB, Wi-Fi 6, 12MP Front/12MP Back Camera, Touch ID, All-Day Battery Life — Blue",Apple iPad 11-inch: A16 chip 11-inch Model Liquid Retina Display 256GB Wi-Fi 6 12MP Front/12MP Back Camera Touch ID All-Day Battery Life — Blue,amazon.com,399,0,,4.7,18839,256,blue,1,1,wifi
6,"Apple iPad Air 11-inch with M3 chip Built for Apple Intelligence, Liquid Retina Display, 128GB, 12MP Front/Back Camera, Wi-Fi 6E, Touch ID, All-Day Battery Life — Space Gray",Apple iPad Air 11-inch with M3 chip Built for Apple Intelligence Liquid Retina Display 128GB 12MP Front/Back Camera Wi-Fi 6E Touch ID All-Day Battery Life — Space Gray,amazon.com,699,0,air,4.8,3912,128,blue,1,1,wifi cell
7,"Apple iPad Air 11-inch with M3 chip Built for Apple Intelligence, Liquid Retina Display, 1TB, 12MP Front/Back Camera, Wi-Fi 6E + 5G Cellular, Touch ID, All-Day Battery Life — Purple",Apple iPad Air 11-inch with M3 chip Built for Apple Intelligence Liquid Retina Display 1TB 12MP Front/Back Camera Wi-Fi 6E + 5G Cellular Touch ID All-Day Battery Life — Purple,amazon.com,1178,0,air,4.8,3912,1024,purple,1,1,wifi cell
8,"Apple iPad Air 11-inch with M3 chip Built for Apple Intelligence, Liquid Retina Display, 512GB, 12MP Front/Back Camera, Wi-Fi 6E + 5G Cellular, Touch ID, All-Day Battery Life — Starlight",Apple iPad Air 11-inch with M3 chip Built for Apple Intelligence Liquid Retina Display 512GB 12MP Front/Back Camera Wi-Fi 6E + 5G Cellular Touch ID All-Day Battery Life — Starlight,amazon.com,992,0,air,4.8,3912,512,starlight,1,1,wifi cell
9,"Apple iPad mini (A17 Pro): Apple Intelligence, 8.3-inch Liquid Retina Display, 128GB, Wi-Fi 6E, 12MP Front/12MP Back Camera, Touch ID, All-Day Battery Life — Blue",Apple iPad mini (A17 Pro): Apple Intelligence 8.3-inch Liquid Retina Display 128GB Wi-Fi 6E 12MP Front/12MP Back Camera Touch ID All-Day Battery Life — Blue,amazon.com,399,0,mini a17 pro,4.7,2762,128,blue,1,1,wifi
10,"Apple Early 2022 iPad Air 5th Gen, 10.9-inch, Wi-Fi, 64GB, Space Gray (Renewed)",Apple Early 2022 iPad Air 5th Gen 10.9-inch Wi-Fi 64GB Space Gray (Renewed),MOBILESUPPLY,323,1,air,4.3,1430,64,space gray,1,1,wifi
12,"Apple iPad Early 2018 (9.7-inch, Wi-Fi, 32GB) - Space Gray (Renewed)",Apple iPad Early 2018 (9.7-inch Wi-Fi 32GB) - Space Gray (Renewed),PLATINUM DEALS,108,1,6th gen,4.4,12356,32,space gray,1,1,wifi
13,"Apple iPad 2021 (10.2-inch, Wi-Fi, 64GB) - Space Gray (Renewed)",Apple iPad 2021 (10.2-inch Wi-Fi 64GB) - Space Gray (Renewed),Milo Certified Electronics,195,1,9th gen,4.4,4719,64,space gray,1,1,wifi
14,"Apple iPad 2021 (10.2-inch, Wi-Fi, 64GB) - Silver (Renewed)",Apple iPad 2021 (10.2-inch Wi-Fi 64GB) - Silver (Renewed),Milo Certified Electronics,193,1,9th gen,4.4,4719,64,silver,1,1,wifi
15,"Apple 2019 iPad 7th Gen (10.2-inch, Wi-Fi, 32GB) Silver (Renewed)",Apple 2019 iPad 7th Gen (10.2-inch Wi-Fi 32GB) Silver (Renewed),Discount Tech Direct,112.99,1,7th gen,4.2,15568,32,silver,1,1,wifi
16,"Apple iPad 7th Gen 32GB, WiFi, Gold - MW762LL/A",Apple iPad 7th Gen 32GB WiFi Gold - MW762LL/A,Chrome Source,147,1,7th gen,4.2,15568,32,gold,1,1,wifi
17,"Apple iPad Pro 13-inch (M5): Ultra Retina XDR Display, 256GB, Landscape 12MP Front Camera/12MP Back Camera, LiDAR Scanner, Wi-Fi 7 with Apple N1, Face ID, All-Day Battery Life — Space Black",Apple iPad Pro 13-inch (M5): Ultra Retina XDR Display 256GB Landscape 12MP Front Camera/12MP Back Camera LiDAR Scanner Wi-Fi 7 with Apple N1 Face ID All-Day Battery Life — Space Black,amazon.com,1199,0,pro,4.8,284,256,space black,1,1,wifi
18,"Apple iPad Pro 13-inch (M5): Ultra Retina XDR Display, 256GB, 12MP Front/Back Camera, LiDAR Scanner, Wi-Fi 7 with Apple N1 + 5G Cellular with C1X chip, Face ID, All-Day Battery Life — Silver",Apple iPad Pro 13-inch (M5): Ultra Retina XDR Display 256GB 12MP Front/Back Camera LiDAR Scanner Wi-Fi 7 with Apple N1 + 5G Cellular with C1X chip Face ID All-Day Battery Life — Silver,amazon.com,1406,0,pro,4.8,290,256,silver,1,1,wifi cell
19,"Apple iPad Pro 13-inch (M5): Ultra Retina XDR Display, 1TB, 12MP Front/Back Camera, LiDAR Scanner, Wi-Fi 7 with Apple N1 + 5G Cellular with C1X chip, Face ID, All-Day Battery Life — Silver",Apple iPad Pro 13-inch (M5): Ultra Retina XDR Display 1TB 12MP Front/Back Camera LiDAR Scanner Wi-Fi 7 with Apple N1 + 5G Cellular with C1X chip Face ID All-Day Battery Life — Silver,amazon.com,1949,0,pro,4.8,290,1024,silver,1,1,wifi cell
20,"Apple iPad Pro 13-inch (M5): Ultra Retina XDR Display, 2TB, Landscape 12MP Front Camera/12MP Back Camera, LiDAR Scanner, Wi-Fi 7 with Apple N1, Face ID, All-Day Battery Life — Silver",Apple iPad Pro 13-inch (M5): Ultra Retina XDR Display 2TB Landscape 12MP Front Camera/12MP Back Camera LiDAR Scanner Wi-Fi 7 with Apple N1 Face ID All-Day Battery Life — Silver,amazon.com,2141.8,0,pro,4.8,290,2048,silver,1,1,wifi
21,"Apple iPad mini (A17 Pro): Apple Intelligence, 8.3-inch Liquid Retina Display, 512GB, Wi-Fi 6E, 12MP Front/12MP Back Camera, Touch ID, All-Day Battery Life — Blue",Apple iPad mini (A17 Pro): Apple Intelligence 8.3-inch Liquid Retina Display 512GB Wi-Fi 6E 12MP Front/12MP Back Camera Touch ID All-Day Battery Life — Blue,amazon.com,699,0,mini,4.7,2773,512,blue,1,1,wifi
22,"Apple 2025 iPad Air 13-inch, Wi-Fi, 128GB - Space Gray (Renewed)",Apple 2025 iPad Air 13-inch Wi-Fi 128GB - Space Gray (Renewed),iPower Resale Inc,649,1,air,4.9,30,128,space gray,1,1,wifi
23,"2024 Apple iPad Mini with A17 Pro Chip (8.3-inch, Wi-Fi+Cellular, 128GB) - Space Gray (Renewed)",2024 Apple iPad Mini with A17 Pro Chip (8.3-inch Wi-Fi+Cellular 128GB) - Space Gray (Renewed),Tech Exchangee,384.95,1,mini,4.6,60,128,space gray,1,1,wifi cell
24,"Apple 2025 iPad 11-inch (Wi-Fi, 128GB) - Silver (Renewed)",Apple 2025 iPad 11-inch (Wi-Fi 128GB) - Silver (Renewed),amazon.com,289.95,1,11th gen,4.7,60,128,silver,1,1,wifi
25,"Apple iPad (10.2-inch, Wi-Fi, 32GB) - Silver (Latest Model, 8th Generation) (Renewed)",Apple iPad (10.2-inch Wi-Fi 32GB) - Silver (Latest Model 8th Generation) (Renewed),amazon.com,129,1,8th gen,4.5,710,32,silver,1,1,wifi
26,"Apple iPad Air 2 MH322LL/A (128GB, Wi-Fi + Cellular, Silver) 2014 Model (Renewed)",Apple iPad Air 2 MH322LL/A (128GB Wi-Fi + Cellular Silver) 2014 Model (Renewed),WirelessSource,184,1,air,4.4,199,128,silver,1,1,wifi
27,"Apple iPad Pro 12.9in 64GB WiFi Only, Space Grey (Renewed)",Apple iPad Pro 12.9in 64GB WiFi Only Space Grey (Renewed),The Cellular Resource,240.04,1,pro,4.2,1795,64,space gray,1,1,wifi
28,"Apple iPad Pro Tablet (256GB, Wi-Fi, 9.7in) Gray (Renewed)",Apple iPad Pro Tablet (256GB Wi-Fi 9.7in) Gray (Renewed),Milo Certified Electronics,375.01,1,pro,4.2,1917,256,gray,1,1,wifi
29,"Apple 10.5in iPad Pro 256GB, Wi-Fi, Space Gray MPDY2LL/A (Renewed)",Apple 10.5in iPad Pro 256GB Wi-Fi Space Gray MPDY2LL/A (Renewed),Milo Certified Electronics,219,1,pro,4.2,673,256,space gray,1,1,wifi
30,"Apple 2024 iPad Air, 13-inch, Wi-Fi, 256GB, Space Gray (Renewed)",Apple 2024 iPad Air 13-inch Wi-Fi 256GB Space Gray (Renewed),iPower Resale Inc,679,1,air,4.9,34,256,space gray,0,1,wifi
31,"Apple iPad Pro 11-Inch (M4): Built for Apple Intelligence, Ultra Retina XDR Display - Nano-Texture Glass, 1TB, 12MP Front/Back Camera, LiDAR Scanner, Wi-Fi 6E, Face ID, All-Day Battery Life — Silver",Apple iPad Pro 11-Inch (M4): Built for Apple Intelligence Ultra Retina XDR Display - Nano-Texture Glass 1TB 12MP Front/Back Camera LiDAR Scanner Wi-Fi 6E Face ID All-Day Battery Life — Silver,amazon.com,1699,0,pro,4.9,14,1000,silver,1,1,wifi
32,"Apple Early 2018 iPad (9.7-inch, Wi-Fi, 32GB) - Space Gray (Renewed Premium)",Apple Early 2018 iPad (9.7-inch Wi-Fi 32GB) - Space Gray (Renewed Premium),ALTA Deals,106.99,1,6th gen,4.3,227,32,space gray,1,1,wifi
33,"Apple iPad Air 2, 32 GB, Silver, (Renewed)",Apple iPad Air 2 32 GB Silver (Renewed),Milo Certified Electronics,149,1,2nd gen,4.2,454,32,silver,1,1,wifi
34,Apple 16GB iPad Air Wi-Fi Silver MGLW2LL/A (Renewed),Apple 16GB iPad Air Wi-Fi Silver MGLW2LL/A (Renewed),Milo Certified Electronics,139,1,air,3.6,816,16,silver,1,1,wifi
35,"2019 Apple iPad 7th Gen (10.2-inch, Wi-Fi, 32GB) - Space Gray (Renewed)",2019 Apple iPad 7th Gen (10.2-inch Wi-Fi 32GB) - Space Gray (Renewed),BlueChip Wireless,148.5,1,apple ipad,3.6,7,32,space gray,0,1,wifi
36,"Apple iPad Air 11-inch (M2): Built for Apple Intelligence, Liquid Retina Display, 128GB, 12MP Front/Back Camera, Wi-Fi 6E, Touch ID, All-Day Battery Life — Blue",Apple iPad Air 11-inch (M2): Built for Apple Intelligence Liquid Retina Display 128GB 12MP Front/Back Camera Wi-Fi 6E Touch ID All-Day Battery Life — Blue,amazon.com,599.98,0,air,4.7,2611,128,blue,1,1,wifi
37,"Apple iPad Pro (10.5-inch, Wi-Fi + Cellular, 64GB) - Rose Gold (Previous Model)",Apple iPad Pro (10.5-inch Wi-Fi + Cellular 64GB) - Rose Gold (Previous Model),amazon.com,674.42,0,pro,4.6,2111,64,rose gold,1,1,wifi cell
38,"Apple 2022 iPad 10.9-inch, Wi-Fi + Cellular, 64GB - Blue (Renewed)",Apple 2022 iPad 10.9-inch Wi-Fi + Cellular 64GB - Blue (Renewed),amazon.com,349.99,1,air 4,4.3,456,64,blue,1,1,wifi cell
39,"Apple iPad Pro (12.9-inch, Wi-Fi, 256GB) - Space Gray (Renewed)",Apple iPad Pro (12.9-inch Wi-Fi 256GB) - Space Gray (Renewed),Chrome Source,399,1,pro,4.5,384,256,space gray,1,1,wifi
40,"Apple iPad Mini, 5th Gen (Wi-Fi, 64GB) - Space Gray (Renewed)",Apple iPad Mini 5th Gen (Wi-Fi 64GB) - Space Gray (Renewed),ItsWorthMore,219.99,1,mini,4.4,2515,64,space gray,1,1,wifi
41,"2021 Apple iPad mini (Wi-Fi, 256GB) - Starlight with AppleCare+ (2 Years)",2021 Apple iPad mini (Wi-Fi 256GB) - Starlight with AppleCare+ (2 Years),amazon.com,718,0,mini,4.8,11664,256,starlight,1,1,wifi
42,"Apple 2024 iPad Pro 11-inches, Wi-Fi + Cellular, 256GB - Space Black (Renewed)",Apple 2024 iPad Pro 11-inches Wi-Fi + Cellular 256GB - Space Black (Renewed),QuickshipElectronics,749,1,pro,4.2,8,256,space black,1,1,wifi cell
43,"Apple iPad Pro 13-Inch (M4): Ultra Retina XDR Display, 256GB, Landscape 12MP Front Camera/12MP Back Camera, Wi-Fi 6E, Face ID, All-Day Battery — Silver with AppleCare+ (2 Years)",Apple iPad Pro 13-Inch (M4): Ultra Retina XDR Display 256GB Landscape 12MP Front Camera/12MP Back Camera Wi-Fi 6E Face ID All-Day Battery — Silver with AppleCare+ (2 Years),amazon.com,1468,0,pro,5,9,256,silver,1,1,wifi
44,"2020 Apple iPad Pro (12.9-inch, Wi-Fi + Cellular, 256GB) - Space Gray (Renewed Premium)",2020 Apple iPad Pro (12.9-inch Wi-Fi + Cellular 256GB) - Space Gray (Renewed Premium),Techdeals4Less,490.15,1,pro,0,0,256,space gray,1,1,wifi
45,10.9-inch iPad Air Wi-Fi 256GB - Starlight with AppleCare+ (2 Years),10.9-inch iPad Air Wi-Fi 256GB - Starlight with AppleCare+ (2 Years),amazon.com,828,0,air,4.8,14490,256,starlight,1,1,wifi