date,avg_wind,precip,snow,snow_ground,max_temp,min_temp
2020-01-01,9.17,0.0,0.0,0.0,42,29
2020-01-02,4.03,0.0,0.0,0.0,47,27
2020-01-03,4.47,0.21,0.0,0.0,49,43
2020-01-04,7.16,0.15,0.0,0.0,54,42
2020-01-05,16.33,0.0,0.0,0.0,42,35
2020-01-06,9.62,0.0,0.0,0.0,51,35
2020-01-07,6.71,0.13,0.0,0.0,46,32
2020-01-08,16.33,0.0,0.0,0.0,41,30
2020-01-09,6.49,0.0,0.0,0.0,34,23
2020-01-10,4.92,0.0,0.0,0.0,55,28
2020-01-11,10.07,0.0,0.0,0.0,67,46
2020-01-12,16.11,0.2,0.0,0.0,67,43
2020-01-13,4.92,0.0,0.0,0.0,48,38
2020-01-14,3.58,0.03,0.0,0.0,46,37
2020-01-15,6.04,0.0,0.0,0.0,54,38
2020-01-16,17.67,0.0,0.0,0.0,51,35
2020-01-17,15.88,0.0,0.0,0.0,35,23
2020-01-18,9.17,0.25,0.2,0.0,39,22
2020-01-19,14.32,0.03,0.0,0.0,42,27
2020-01-20,13.42,0.0,0.0,0.0,33,23
2020-01-21,9.62,0.0,0.0,0.0,35,19
2020-01-22,2.91,0.0,0.0,0.0,39,23
2020-01-23,1.34,0.0,0.0,0.0,45,24
2020-01-24,6.93,0.0,0.0,0.0,57,28
2020-01-25,12.53,1.6,0.0,0.0,52,36
2020-01-26,10.29,0.0,0.0,0.0,47,34
2020-01-27,12.08,0.0,0.0,0.0,46,32
2020-01-28,12.53,0.0,0.0,0.0,42,38
2020-01-29,11.41,0.0,0.0,0.0,45,30
2020-01-30,6.93,0.0,0.0,0.0,39,25
2020-01-31,2.91,0.04,0.0,0.0,47,28
2020-02-01,3.58,0.05,0.0,0.0,44,35
2020-02-02,8.5,0.0,0.0,0.0,43,34
2020-02-03,6.71,0.0,0.0,0.0,61,33
2020-02-04,4.92,0.1,0.0,0.0,64,43
2020-02-05,9.4,0.05,0.0,0.0,56,36
2020-02-06,4.47,0.47,0.0,0.0,47,36
2020-02-07,17.9,0.23,0.0,0.0,60,35
2020-02-08,10.51,0.0,0.0,0.0,45,30
2020-02-09,6.04,0.0,0.0,0.0,48,29
2020-02-10,11.18,0.26,0.0,0.0,46,42
2020-02-11,6.26,0.43,0.0,0.0,51,45
2020-02-12,7.38,0.06,0.0,0.0,47,37
2020-02-13,7.16,0.22,0.0,0.0,48,36
2020-02-14,14.32,0.0,0.0,0.0,41,20
2020-02-15,6.93,0.0,0.0,0.0,32,14
2020-02-16,6.26,0.0,0.0,0.0,49,29
2020-02-17,5.14,0.0,0.0,0.0,53,36
2020-02-18,7.38,0.0,0.0,0.0,61,35
2020-02-19,12.3,0.0,0.0,0.0,53,36
2020-02-20,8.72,0.0,0.0,0.0,38,29
2020-02-21,9.62,0.0,0.0,0.0,36,21
2020-02-22,11.41,0.0,0.0,0.0,51,24
2020-02-23,6.26,0.0,0.0,0.0,56,28
2020-02-24,3.58,0.0,0.0,0.0,60,30
2020-02-25,4.7,0.17,0.0,0.0,50,44
2020-02-26,7.16,0.21,0.0,0.0,52,45
2020-02-27,23.26,0.21,0.0,0.0,48,32
2020-02-28,15.88,0.0,0.0,0.0,42,29
2020-02-29,13.42,0.0,0.0,0.0,35,27
2020-03-01,11.18,0.0,0.0,0.0,45,25
2020-03-02,9.84,0.04,0.0,0.0,63,30
2020-03-03,7.16,0.12,0.0,0.0,60,41
2020-03-04,14.54,0.0,0.0,0.0,59,43
2020-03-05,8.28,0.0,0.0,0.0,53,38
2020-03-06,9.17,0.35,0.0,0.0,45,33
2020-03-07,15.43,0.0,0.0,0.0,47,35
2020-03-08,9.62,0.0,0.0,0.0,60,30
2020-03-09,10.07,0.0,0.0,0.0,71,39
2020-03-10,12.75,0.0,0.0,0.0,68,48
2020-03-11,6.71,0.0,0.0,0.0,59,43
2020-03-12,6.93,0.0,0.0,0.0,60,40
2020-03-13,13.2,0.37,0.0,0.0,74,49
2020-03-14,11.41,0.0,0.0,0.0,58,43
2020-03-15,6.04,0.01,0.0,0.0,55,40
2020-03-16,11.18,0.0,0.0,0.0,52,36
2020-03-17,6.93,0.03,0.0,0.0,57,41
2020-03-18,7.38,0.08,0.0,0.0,59,40
2020-03-19,5.82,0.93,0.0,0.0,56,43
2020-03-20,10.51,0.0,0.0,0.0,79,49
2020-03-21,11.41,0.0,0.0,0.0,67,41
2020-03-22,12.75,0.0,0.0,0.0,47,35
2020-03-23,12.3,0.8,0.0,0.0,45,38
2020-03-24,6.71,0.0,0.0,0.0,58,39
2020-03-25,13.2,0.01,0.0,0.0,49,41
2020-03-26,7.61,0.0,0.0,0.0,59,35
2020-03-27,6.71,0.0,0.0,0.0,69,49
2020-03-28,8.95,1.14,0.0,0.0,54,47
2020-03-29,8.5,0.0,0.0,0.0,53,47
2020-03-30,4.92,0.06,0.0,0.0,60,45
2020-03-31,8.95,0.0,0.0,0.0,48,41
2020-04-01,12.75,0.0,0.0,0.0,56,40
2020-04-02,19.69,0.0,0.0,0.0,58,40
2020-04-03,18.79,0.0,0.0,0.0,58,48
2020-04-04,7.61,0.0,0.0,0.0,57,48
2020-04-05,7.61,0.0,0.0,0.0,67,43
2020-04-06,8.72,0.0,0.0,0.0,66,49
2020-04-07,6.26,0.0,0.0,0.0,66,44
2020-04-08,9.84,0.27,0.0,0.0,75,48
2020-04-09,14.32,0.05,0.0,0.0,67,45
2020-04-10,23.04,0.0,0.0,0.0,50,40
2020-04-11,12.08,0.0,0.0,0.0,57,36
2020-04-12,8.72,0.07,0.0,0.0,69,39
2020-04-13,17.45,1.62,0.0,0.0,72,53
2020-04-14,9.62,0.0,0.0,0.0,58,45
2020-04-15,11.18,0.03,0.0,0.0,52,40
2020-04-16,13.2,0.0,0.0,0.0,50,40
2020-04-17,6.93,0.0,0.0,0.0,53,34
2020-04-18,9.84,0.06,0.0,0.0,49,37
2020-04-19,10.96,0.0,0.0,0.0,62,35
2020-04-20,8.05,0.0,0.0,0.0,58,46
2020-04-21,14.09,0.1,0.0,0.0,64,41
2020-04-22,15.66,0.0,0.0,0.0,54,35
2020-04-23,7.38,0.46,0.0,0.0,59,41
2020-04-24,9.17,0.59,0.0,0.0,51,45
2020-04-25,4.92,0.02,0.0,0.0,68,43
2020-04-26,10.51,0.13,0.0,0.0,51,45
2020-04-27,13.2,0.01,0.0,0.0,55,42
2020-04-28,8.95,0.0,0.0,0.0,64,42
2020-04-29,12.75,0.0,0.0,0.0,68,50
2020-04-30,14.99,0.34,0.0,0.0,69,57
2020-05-01,7.61,0.01,0.0,0.0,68,57
2020-05-02,10.51,0.0,0.0,0.0,73,51
2020-05-03,9.4,0.15,0.0,0.0,79,55
2020-05-04,14.32,0.01,0.0,0.0,74,51
2020-05-05,6.93,0.0,0.0,0.0,60,46
2020-05-06,7.61,0.09,0.0,0.0,54,45
2020-05-07,10.96,0.0,0.0,0.0,66,45
2020-05-08,9.4,0.32,0.0,0.0,58,38
2020-05-09,18.79,0.0,0.0,0.0,49,35
2020-05-10,14.09,0.0,0.0,0.0,64,39
2020-05-11,14.32,0.06,0.0,0.0,62,47
2020-05-12,13.42,0.0,0.0,0.0,61,42
2020-05-13,7.38,0.0,0.0,0.0,66,41
2020-05-14,7.61,0.0,0.0,0.0,74,44
2020-05-15,13.2,0.06,0.0,0.0,85,62
2020-05-16,7.38,0.0,0.0,0.0,79,60
2020-05-17,8.72,0.0,0.0,0.0,71,54
2020-05-18,11.41,0.0,0.0,0.0,69,53
2020-05-19,17.0,0.0,0.0,0.0,68,52
2020-05-20,14.09,0.0,0.0,0.0,63,45
2020-05-21,7.61,0.0,0.0,0.0,75,45
2020-05-22,6.04,0.38,0.0,0.0,71,54
2020-05-23,7.38,1.05,0.0,0.0,76,57
2020-05-24,9.62,0.0,0.0,0.0,71,52
2020-05-25,5.37,0.0,0.0,0.0,76,57
2020-05-26,4.25,0.0,0.0,0.0,82,59
2020-05-27,3.8,0.0,0.0,0.0,83,61
2020-05-28,8.5,0.07,0.0,0.0,80,67
2020-05-29,10.51,0.0,0.0,0.0,85,71
2020-05-30,9.17,0.0,0.0,0.0,82,69
2020-05-31,12.3,0.0,0.0,0.0,72,57
2020-06-01,9.62,0.0,0.0,0.0,73,51
2020-06-02,8.95,0.0,0.0,0.0,73,58
2020-06-03,8.5,0.89,0.0,0.0,88,64
2020-06-04,5.14,0.65,0.0,0.0,89,67
2020-06-05,6.93,0.35,0.0,0.0,86,69
2020-06-06,9.62,0.0,0.0,0.0,90,70
2020-06-07,11.41,0.0,0.0,0.0,80,65
2020-06-08,7.38,0.0,0.0,0.0,79,59
2020-06-09,8.28,0.0,0.0,0.0,88,64
2020-06-10,10.29,0.0,0.0,0.0,91,70
2020-06-11,9.4,0.62,0.0,0.0,81,72
2020-06-12,9.17,0.0,0.0,0.0,86,68
2020-06-13,10.51,0.0,0.0,0.0,76,62
2020-06-14,9.17,0.0,0.0,0.0,77,56
2020-06-15,10.51,0.0,0.0,0.0,77,58
2020-06-16,11.18,0.0,0.0,0.0,78,59
2020-06-17,10.96,0.0,0.0,0.0,77,61
2020-06-18,7.61,0.11,0.0,0.0,83,63
2020-06-19,4.7,0.0,0.0,0.0,85,66
2020-06-20,3.13,0.55,0.0,0.0,85,66
2020-06-21,3.8,0.0,0.0,0.0,86,67
2020-06-22,7.38,0.0,0.0,0.0,89,69
2020-06-23,6.93,0.0,0.0,0.0,90,70
2020-06-24,11.63,0.0,0.0,0.0,85,75
2020-06-25,5.59,0.0,0.0,0.0,84,70
2020-06-26,8.5,0.0,0.0,0.0,88,68
2020-06-27,12.3,0.03,0.0,0.0,89,72
2020-06-28,7.83,0.01,0.0,0.0,92,75
2020-06-29,10.07,0.0,0.0,0.0,90,73
2020-06-30,5.37,0.0,0.0,0.0,86,71
2020-07-01,5.14,0.0,0.0,0.0,87,69
2020-07-02,8.28,0.0,0.0,0.0,93,68
2020-07-03,8.5,0.0,0.0,0.0,97,75
2020-07-04,6.49,0.0,0.0,0.0,92,73
2020-07-05,8.28,0.0,0.0,0.0,95,73
2020-07-06,8.28,0.24,0.0,0.0,92,69
2020-07-07,5.59,0.0,0.0,0.0,88,67
2020-07-08,6.49,0.0,0.0,0.0,91,75
2020-07-09,5.82,0.0,0.0,0.0,94,73
2020-07-10,14.99,4.15,0.0,0.0,78,73
2020-07-11,10.07,0.0,0.0,0.0,90,73
2020-07-12,10.07,0.07,0.0,0.0,91,72
2020-07-13,7.61,0.04,0.0,0.0,88,70
2020-07-14,7.83,0.0,0.0,0.0,87,70
2020-07-15,7.38,0.0,0.0,0.0,89,70
2020-07-16,8.72,0.0,0.0,0.0,83,68
2020-07-17,6.04,0.01,0.0,0.0,90,69
2020-07-18,5.14,0.0,0.0,0.0,93,74
2020-07-19,7.83,0.0,0.0,0.0,95,74
2020-07-20,8.5,0.0,0.0,0.0,96,81
2020-07-21,5.82,0.0,0.0,0.0,95,77
2020-07-22,6.93,0.45,0.0,0.0,94,74
2020-07-23,9.17,0.15,0.0,0.0,91,75
2020-07-24,4.92,0.11,0.0,0.0,86,74
2020-07-25,5.14,0.0,0.0,0.0,89,72
2020-07-26,9.17,0.0,0.0,0.0,94,77
2020-07-27,10.07,0.0,0.0,0.0,95,75
2020-07-28,9.4,0.0,0.0,0.0,93,79
2020-07-29,6.93,0.0,0.0,0.0,93,76
2020-07-30,6.26,0.2,0.0,0.0,95,74
2020-07-31,3.8,0.12,0.0,0.0,84,73
2020-08-01,5.37,0.0,0.0,0.0,90,73
2020-08-02,11.18,0.0,0.0,0.0,93,76
2020-08-03,8.28,0.0,0.0,0.0,90,76
2020-08-04,14.76,4.16,0.0,0.0,83,72
2020-08-05,6.26,0.0,0.0,0.0,88,72
2020-08-06,5.82,0.44,0.0,0.0,83,70
2020-08-07,7.16,1.03,0.0,0.0,84,69
2020-08-08,4.25,0.0,0.0,0.0,85,69
2020-08-09,6.04,0.0,0.0,0.0,88,71
2020-08-10,7.38,0.0,0.0,0.0,92,75
2020-08-11,7.16,0.0,0.0,0.0,90,74
2020-08-12,4.92,1.44,0.0,0.0,93,72
2020-08-13,3.8,0.05,0.0,0.0,81,73
2020-08-14,8.72,0.0,0.0,0.0,86,73
2020-08-15,8.72,0.0,0.0,0.0,82,71
2020-08-16,11.41,0.63,0.0,0.0,74,67
2020-08-17,7.16,0.0,0.0,0.0,83,63
2020-08-18,3.8,0.0,0.0,0.0,84,67
2020-08-19,4.03,0.01,0.0,0.0,81,70
2020-08-20,6.04,0.0,0.0,0.0,82,64
2020-08-21,8.72,0.0,0.0,0.0,85,68
2020-08-22,8.28,0.0,0.0,0.0,87,74
2020-08-23,3.58,0.11,0.0,0.0,84,73
2020-08-24,7.61,0.0,0.0,0.0,91,70
2020-08-25,11.86,0.0,0.0,0.0,91,75
2020-08-26,9.17,0.0,0.0,0.0,83,67
2020-08-27,14.32,0.0,0.0,0.0,93,74
2020-08-28,10.07,0.52,0.0,0.0,90,72
2020-08-29,9.62,0.12,0.0,0.0,81,72
2020-08-30,9.62,0.0,0.0,0.0,80,65
2020-08-31,4.92,0.02,0.0,0.0,77,63
2020-09-01,8.05,0.0,0.0,0.0,81,66
2020-09-02,7.83,0.02,0.0,0.0,85,71
2020-09-03,7.16,0.07,0.0,0.0,87,73
2020-09-04,8.05,0.0,0.0,0.0,88,71
2020-09-05,7.38,0.0,0.0,0.0,81,64
2020-09-06,6.04,0.0,0.0,0.0,84,62
2020-09-07,4.25,0.0,0.0,0.0,83,61
2020-09-08,4.03,0.0,0.0,0.0,87,65
2020-09-09,7.16,0.48,0.0,0.0,81,70
2020-09-10,3.13,0.94,0.0,0.0,84,73
2020-09-11,9.4,0.0,0.0,0.0,79,69
2020-09-12,8.95,0.0,0.0,0.0,76,61
2020-09-13,6.26,0.0,0.0,0.0,80,60
2020-09-14,12.08,0.0,0.0,0.0,76,59
2020-09-15,6.71,0.0,0.0,0.0,68,52
2020-09-16,4.7,0.0,0.0,0.0,73,53
2020-09-17,3.8,0.04,0.0,0.0,76,62
2020-09-18,12.53,0.02,0.0,0.0,72,55
2020-09-19,11.18,0.0,0.0,0.0,66,48
2020-09-20,8.05,0.0,0.0,0.0,66,47
2020-09-21,7.83,0.0,0.0,0.0,67,47
2020-09-22,7.16,0.0,0.0,0.0,74,47
2020-09-23,9.4,0.0,0.0,0.0,81,54
2020-09-24,2.91,0.0,0.0,0.0,75,59
2020-09-25,4.92,0.0,0.0,0.0,75,60
2020-09-26,4.92,0.15,0.0,0.0,78,63
2020-09-27,3.8,0.38,0.0,0.0,81,67
2020-09-28,8.05,0.0,0.0,0.0,82,68
2020-09-29,8.05,1.56,0.0,0.0,77,66
2020-09-30,13.65,0.57,0.0,0.0,71,57
2020-10-01,6.93,0.07,0.0,0.0,73,58
2020-10-02,7.38,0.04,0.0,0.0,69,55
2020-10-03,4.47,0.0,0.0,0.0,66,50
2020-10-04,4.92,0.01,0.0,0.0,71,48
2020-10-05,5.82,0.0,0.0,0.0,70,52
2020-10-06,6.49,0.0,0.0,0.0,71,51
2020-10-07,13.87,0.0,0.0,0.0,79,58
2020-10-08,11.18,0.0,0.0,0.0,68,51
2020-10-09,8.05,0.0,0.0,0.0,72,48
2020-10-10,10.74,0.0,0.0,0.0,74,58
2020-10-11,8.72,0.09,0.0,0.0,69,59
2020-10-12,14.99,0.73,0.0,0.0,59,54
2020-10-13,10.07,0.01,0.0,0.0,65,55
2020-10-14,8.05,0.0,0.0,0.0,72,49
2020-10-15,10.07,0.0,0.0,0.0,75,54
2020-10-16,8.72,1.0,0.0,0.0,67,50
2020-10-17,6.71,0.01,0.0,0.0,61,43
2020-10-18,4.92,0.0,0.0,0.0,67,40
2020-10-19,4.25,0.0,0.0,0.0,72,50
2020-10-20,3.8,0.05,0.0,0.0,71,56
2020-10-21,3.58,0.0,0.0,0.0,77,58
2020-10-22,1.79,0.0,0.0,0.0,77,60
2020-10-23,4.92,0.0,0.0,0.0,75,61
2020-10-24,10.74,0.0,0.0,0.0,74,50
2020-10-25,10.51,0.0,0.0,0.0,52,46
2020-10-26,5.82,0.06,0.0,0.0,64,48
2020-10-27,5.82,0.0,0.0,0.0,64,56
2020-10-28,6.04,0.0,0.0,0.0,67,57
2020-10-29,11.86,1.59,0.0,0.0,59,48
2020-10-30,11.86,0.43,0.0,0.0,49,39
2020-10-31,4.92,0.0,0.0,0.0,50,34
2020-11-01,10.74,0.54,0.0,0.0,56,42
2020-11-02,19.91,0.0,0.0,0.0,49,38
2020-11-03,13.65,0.0,0.0,0.0,57,42
2020-11-04,4.47,0.0,0.0,0.0,67,38
2020-11-05,4.03,0.0,0.0,0.0,69,43
2020-11-06,4.47,0.0,0.0,0.0,71,46
2020-11-07,5.37,0.0,0.0,0.0,75,47
2020-11-08,2.24,0.0,0.0,0.0,76,46
2020-11-09,4.47,0.0,0.0,0.0,75,47
2020-11-10,5.14,0.0,0.0,0.0,76,48
2020-11-11,7.83,1.48,0.0,0.0,71,61
2020-11-12,8.5,0.57,0.0,0.0,67,47
2020-11-13,7.16,0.08,0.0,0.0,55,45
2020-11-14,7.16,0.0,0.0,0.0,55,39
2020-11-15,11.63,0.44,0.0,0.0,65,37
2020-11-16,11.41,0.0,0.0,0.0,57,43
2020-11-17,12.3,0.0,0.0,0.0,54,36
2020-11-18,10.96,0.0,0.0,0.0,40,30
2020-11-19,10.29,0.0,0.0,0.0,49,30
2020-11-20,9.62,0.0,0.0,0.0,64,44
2020-11-21,6.49,0.0,0.0,0.0,66,44
2020-11-22,8.28,0.0,0.0,0.0,59,46
2020-11-23,14.99,0.19,0.0,0.0,60,43
2020-11-24,6.49,0.0,0.0,0.0,50,36
2020-11-25,6.93,0.0,0.0,0.0,57,42
2020-11-26,8.72,0.51,0.0,0.0,67,52
2020-11-27,3.58,0.0,0.0,0.0,59,50
2020-11-28,7.61,0.0,0.0,0.0,57,42
2020-11-29,5.82,0.0,0.0,0.0,56,35
2020-11-30,11.63,0.98,0.0,0.0,67,44
2020-12-01,16.33,0.0,0.0,0.0,52,38
2020-12-02,17.0,0.0,0.0,0.0,45,34
2020-12-03,10.96,0.0,0.0,0.0,53,33
2020-12-04,5.59,0.3,0.0,0.0,48,43
2020-12-05,15.43,0.77,0.0,0.0,47,40
2020-12-06,13.42,0.0,0.0,0.0,43,31
2020-12-07,8.05,0.0,0.0,0.0,39,27
2020-12-08,11.41,0.0,0.0,0.0,42,30
2020-12-09,12.08,0.0,0.0,0.0,42,31
2020-12-10,8.05,0.0,0.0,0.0,51,34
2020-12-11,4.7,0.0,0.0,0.0,58,30
2020-12-12,4.47,0.0,0.0,0.0,61,37
2020-12-13,8.95,0.0,0.0,0.0,63,42
2020-12-14,8.72,0.53,0.0,0.0,46,36
2020-12-15,8.72,0.0,0.0,0.0,40,28
2020-12-16,15.21,0.7,6.3,0.0,33,27
2020-12-17,12.75,0.21,0.3,3.1,36,25
2020-12-18,8.5,0.0,0.0,3.1,36,24
2020-12-19,3.13,0.0,0.0,3.1,33,21
2020-12-20,2.91,0.0,0.0,3.1,42,31
2020-12-21,4.92,0.02,0.0,0.0,41,34
2020-12-22,10.74,0.03,0.0,0.0,47,38
2020-12-23,4.92,0.0,0.0,0.0,46,30
2020-12-24,13.87,1.34,0.0,0.0,64,36
2020-12-25,18.12,0.44,0.0,0.0,65,26
2020-12-26,15.88,0.0,0.0,0.0,32,24
2020-12-27,4.25,0.0,0.0,0.0,38,23
2020-12-28,8.28,0.0,0.0,0.0,50,32
2020-12-29,11.86,0.0,0.0,0.0,41,27
2020-12-30,8.05,0.0,0.0,0.0,45,27
2020-12-31,10.51,0.04,0.0,0.0,49,34
2021-01-01,6.93,0.82,0.0,0.0,41,28
2021-01-02,10.29,0.02,0.0,0.0,53,38
2021-01-03,9.62,0.19,0.0,0.0,39,35
2021-01-04,7.38,0.01,0.0,0.0,43,35
2021-01-05,5.37,0.0,0.0,0.0,42,38
2021-01-06,14.76,0.0,0.0,0.0,43,36
2021-01-07,11.41,0.0,0.0,0.0,45,29
2021-01-08,5.82,0.0,0.0,0.0,36,27
2021-01-09,13.42,0.0,0.0,0.0,44,25
2021-01-10,6.26,0.0,0.0,0.0,46,30
2021-01-11,0.67,0.0,0.0,0.0,40,25
2021-01-12,5.59,0.0,0.0,0.0,44,27
2021-01-13,5.59,0.0,0.0,0.0,46,28
2021-01-14,2.46,0.0,0.0,0.0,52,30
2021-01-15,8.28,0.07,0.0,0.0,54,32
2021-01-16,9.62,0.16,0.0,0.0,47,36
2021-01-17,14.32,0.0,0.0,0.0,47,34
2021-01-18,11.41,0.0,0.0,0.0,46,33
2021-01-19,11.86,0.0,0.0,0.0,45,30
2021-01-20,12.53,0.0,0.0,0.0,41,28
2021-01-21,6.71,0.0,0.0,0.0,44,24
2021-01-22,12.3,0.0,0.0,0.0,46,31
2021-01-23,18.12,0.0,0.0,0.0,38,27
2021-01-24,10.51,0.0,0.0,0.0,35,23
2021-01-25,4.03,0.0,0.0,0.0,36,30
2021-01-26,6.49,0.09,0.0,0.0,38,34
2021-01-27,12.3,0.0,0.0,0.0,41,31
2021-01-28,20.13,0.0,0.0,0.0,34,23
2021-01-29,19.46,0.0,0.0,0.0,29,20
2021-01-30,6.71,0.0,0.0,0.0,35,19
2021-01-31,9.62,0.19,3.0,0.0,31,25
2021-02-01,19.91,0.4,3.8,3.1,33,25
2021-02-02,16.11,0.09,1.3,5.9,36,30
2021-02-03,13.2,0.0,0.2,5.1,37,30
2021-02-04,10.29,0.0,0.0,5.1,44,30
2021-02-05,9.84,0.07,0.0,3.1,50,33
2021-02-06,10.07,0.0,0.0,0.0,46,30
2021-02-07,8.72,0.51,1.7,0.0,38,29
2021-02-08,6.93,0.0,0.0,1.2,32,20
2021-02-09,6.71,0.0,0.0,0.0,38,24
2021-02-10,4.47,0.01,0.4,0.0,37,27
2021-02-11,8.5,0.17,2.7,3.1,32,28
2021-02-12,6.49,0.0,0.0,1.2,29,23
2021-02-13,10.51,0.05,0.0,0.0,30,26
2021-02-14,7.38,0.0,0.0,0.0,36,26
2021-02-15,9.17,0.01,0.0,0.0,38,33
2021-02-16,13.65,0.74,0.0,0.0,51,30
2021-02-17,8.72,0.0,0.0,0.0,33,24
2021-02-18,10.74,0.53,2.8,1.2,30,25
2021-02-19,9.4,0.16,0.6,3.1,33,28
2021-02-20,14.32,0.0,0.0,3.1,33,26
2021-02-21,8.5,0.0,0.0,2.0,37,22
2021-02-22,6.93,0.51,0.8,2.0,36,30
2021-02-23,11.41,0.0,0.0,2.0,50,31
2021-02-24,9.62,0.0,0.0,0.0,56,32
2021-02-25,11.63,0.0,0.0,0.0,50,34
2021-02-26,5.37,0.03,0.0,0.0,48,34
2021-02-27,8.5,0.36,0.0,0.0,52,34
2021-02-28,5.82,1.0,0.0,0.0,45,39
2021-03-01,12.75,0.14,0.0,0.0,48,35
2021-03-02,14.32,0.0,0.0,0.0,38,25
2021-03-03,8.95,0.0,0.0,0.0,55,29
2021-03-04,14.09,0.0,0.0,0.0,49,32
2021-03-05,17.9,0.0,0.0,0.0,40,24
2021-03-06,11.86,0.0,0.0,0.0,39,29
2021-03-07,7.61,0.0,0.0,0.0,44,28
2021-03-08,7.61,0.0,0.0,0.0,47,26
2021-03-09,9.62,0.0,0.0,0.0,69,37
2021-03-10,6.04,0.0,0.0,0.0,67,38
2021-03-11,7.16,0.0,0.0,0.0,74,41
2021-03-12,10.51,0.0,0.0,0.0,71,52
2021-03-13,12.3,0.0,0.0,0.0,56,37
2021-03-14,17.0,0.0,0.0,0.0,59,34
2021-03-15,13.42,0.0,0.0,0.0,43,27
2021-03-16,8.05,0.0,0.0,0.0,42,33
2021-03-17,5.37,0.0,0.0,0.0,49,38
2021-03-18,9.17,0.92,0.0,0.0,50,44
2021-03-19,16.11,0.0,0.0,0.0,48,36
2021-03-20,6.26,0.0,0.0,0.0,58,32
2021-03-21,3.8,0.0,0.0,0.0,65,33
2021-03-22,5.14,0.0,0.0,0.0,65,35
2021-03-23,7.61,0.0,0.0,0.0,68,40
2021-03-24,6.49,1.56,0.0,0.0,58,47
2021-03-25,3.8,0.01,0.0,0.0,61,51
2021-03-26,18.34,0.0,0.0,0.0,83,56
2021-03-27,6.71,0.0,0.0,0.0,69,48
2021-03-28,11.63,0.6,0.0,0.0,70,50
2021-03-29,15.88,0.0,0.0,0.0,55,43
2021-03-30,8.05,0.0,0.0,0.0,64,37
2021-03-31,6.93,0.98,0.0,0.0,68,49
2021-04-01,18.79,0.02,0.0,0.0,58,36
2021-04-02,16.11,0.0,0.0,0.0,44,29
2021-04-03,8.28,0.0,0.0,0.0,53,32
2021-04-04,10.29,0.0,0.0,0.0,69,45
2021-04-05,13.2,0.0,0.0,0.0,70,48
2021-04-06,8.5,0.0,0.0,0.0,72,49
2021-04-07,3.36,0.0,0.0,0.0,70,50
2021-04-08,6.71,0.0,0.0,0.0,72,45
2021-04-09,6.04,0.02,0.0,0.0,61,48
2021-04-10,5.14,0.18,0.0,0.0,71,51
2021-04-11,9.84,1.46,0.0,0.0,69,49
2021-04-12,10.51,0.01,0.0,0.0,51,47
2021-04-13,4.92,0.02,0.0,0.0,65,46
2021-04-14,7.83,0.01,0.0,0.0,65,48
2021-04-15,9.4,0.0,0.0,0.0,65,49
2021-04-16,13.42,0.0,0.0,0.0,57,43
2021-04-17,9.62,0.0,0.0,0.0,58,44
2021-04-18,5.59,0.0,0.0,0.0,65,49
2021-04-19,6.71,0.0,0.0,0.0,63,46
2021-04-20,11.86,0.0,0.0,0.0,75,48
2021-04-21,16.33,0.01,0.0,0.0,73,40
2021-04-22,17.45,0.0,0.0,0.0,50,35
2021-04-23,13.42,0.0,0.0,0.0,63,36
2021-04-24,6.71,0.04,0.0,0.0,68,44
2021-04-25,12.08,0.45,0.0,0.0,66,49
2021-04-26,12.53,0.0,0.0,0.0,62,43
2021-04-27,5.37,0.0,0.0,0.0,78,47
2021-04-28,10.29,0.0,0.0,0.0,87,60
2021-04-29,9.62,0.47,0.0,0.0,80,64
2021-04-30,23.26,0.0,0.0,0.0,70,48
2021-05-01,13.87,0.0,0.0,0.0,67,45
2021-05-02,12.3,0.0,0.0,0.0,84,55
2021-05-03,5.14,0.08,0.0,0.0,70,60
2021-05-04,6.49,0.03,0.0,0.0,83,58
2021-05-05,9.17,0.4,0.0,0.0,76,57
2021-05-06,9.62,0.0,0.0,0.0,66,50
2021-05-07,6.71,0.08,0.0,0.0,69,49
2021-05-08,10.96,0.09,0.0,0.0,59,48
2021-05-09,7.16,0.01,0.0,0.0,57,47
2021-05-10,10.51,0.0,0.0,0.0,63,52
2021-05-11,10.96,0.0,0.0,0.0,67,48
2021-05-12,10.07,0.0,0.0,0.0,69,46
2021-05-13,7.38,0.0,0.0,0.0,72,47
2021-05-14,4.25,0.0,0.0,0.0,76,50
2021-05-15,4.92,0.0,0.0,0.0,78,49
2021-05-16,5.82,0.0,0.0,0.0,73,50
2021-05-17,5.14,0.0,0.0,0.0,76,52
2021-05-18,8.05,0.0,0.0,0.0,81,53
2021-05-19,5.82,0.0,0.0,0.0,89,59
2021-05-20,5.82,0.0,0.0,0.0,83,58
2021-05-21,5.82,0.0,0.0,0.0,83,56
2021-05-22,9.62,0.0,0.0,0.0,92,63
2021-05-23,11.63,0.0,0.0,0.0,92,74
2021-05-24,9.84,0.0,0.0,0.0,77,59
2021-05-25,7.83,0.0,0.0,0.0,75,59
2021-05-26,8.28,0.93,0.0,0.0,92,64
2021-05-27,10.51,0.0,0.0,0.0,83,67
2021-05-28,13.87,0.67,0.0,0.0,70,51
2021-05-29,14.99,0.66,0.0,0.0,54,48
2021-05-30,12.08,0.29,0.0,0.0,53,47
2021-05-31,8.5,0.0,0.0,0.0,73,50
2021-06-01,6.49,0.0,0.0,0.0,77,55
2021-06-02,5.59,0.0,0.0,0.0,79,61
2021-06-03,5.37,0.31,0.0,0.0,81,63
2021-06-04,7.61,0.76,0.0,0.0,82,69
2021-06-05,10.29,0.0,0.0,0.0,93,66
2021-06-06,7.16,0.0,0.0,0.0,93,69
2021-06-07,7.83,0.0,0.0,0.0,94,72
2021-06-08,6.04,0.44,0.0,0.0,88,73
2021-06-09,5.37,0.0,0.0,0.0,89,71
2021-06-10,10.74,0.0,0.0,0.0,84,65
2021-06-11,10.74,0.31,0.0,0.0,67,63
2021-06-12,6.71,0.0,0.0,0.0,80,64
2021-06-13,6.04,0.0,0.0,0.0,79,63
2021-06-14,8.5,0.79,0.0,0.0,85,66
2021-06-15,9.62,0.04,0.0,0.0,81,65
2021-06-16,9.62,0.0,0.0,0.0,79,63
2021-06-17,6.93,0.0,0.0,0.0,78,58
2021-06-18,10.07,0.0,0.0,0.0,85,60
2021-06-19,8.05,0.04,0.0,0.0,90,68
2021-06-20,7.16,0.0,0.0,0.0,90,66
2021-06-21,10.51,0.17,0.0,0.0,89,71
2021-06-22,8.95,0.15,0.0,0.0,76,60
2021-06-23,6.71,0.0,0.0,0.0,77,54
2021-06-24,5.59,0.0,0.0,0.0,80,57
2021-06-25,5.37,0.0,0.0,0.0,81,58
2021-06-26,10.51,0.01,0.0,0.0,85,70
2021-06-27,10.51,0.0,0.0,0.0,91,74
2021-06-28,11.41,0.0,0.0,0.0,94,72
2021-06-29,10.51,0.0,0.0,0.0,95,75
2021-06-30,10.29,0.04,0.0,0.0,97,75
2021-07-01,6.26,1.7,0.0,0.0,86,70
2021-07-02,6.71,0.1,0.0,0.0,79,67
2021-07-03,6.04,0.57,0.0,0.0,76,64
2021-07-04,4.7,0.12,0.0,0.0,81,62
2021-07-05,7.16,0.0,0.0,0.0,88,66
2021-07-06,10.96,0.0,0.0,0.0,94,74
2021-07-07,8.05,0.0,0.0,0.0,96,76
2021-07-08,8.28,0.41,0.0,0.0,90,71
2021-07-09,11.63,0.36,0.0,0.0,89,71
2021-07-10,6.93,0.0,0.0,0.0,85,71
2021-07-11,6.71,0.0,0.0,0.0,88,71
2021-07-12,7.83,1.09,0.0,0.0,93,74
2021-07-13,7.83,0.0,0.0,0.0,88,74
2021-07-14,6.04,0.0,0.0,0.0,93,74
2021-07-15,5.82,0.0,0.0,0.0,91,76
2021-07-16,7.38,0.0,0.0,0.0,94,78
2021-07-17,7.83,2.01,0.0,0.0,94,72
2021-07-18,11.63,0.0,0.0,0.0,80,73
2021-07-19,8.95,0.0,0.0,0.0,88,72
2021-07-20,5.37,0.0,0.0,0.0,88,73
2021-07-21,5.82,0.14,0.0,0.0,86,70
2021-07-22,7.38,0.0,0.0,0.0,82,65
2021-07-23,5.82,0.0,0.0,0.0,85,66
2021-07-24,5.82,0.0,0.0,0.0,86,66
2021-07-25,10.51,0.06,0.0,0.0,88,69
2021-07-26,4.7,0.0,0.0,0.0,91,73
2021-07-27,6.26,0.0,0.0,0.0,94,72
2021-07-28,6.26,0.0,0.0,0.0,86,71
2021-07-29,9.62,0.16,0.0,0.0,81,69
2021-07-30,11.86,0.0,0.0,0.0,87,70
2021-07-31,5.82,0.0,0.0,0.0,80,63
2021-08-01,4.92,0.11,0.0,0.0,77,64
2021-08-02,7.16,0.0,0.0,0.0,81,61
2021-08-03,4.92,0.0,0.0,0.0,80,65
2021-08-04,5.37,0.0,0.0,0.0,80,65
2021-08-05,6.71,0.0,0.0,0.0,86,64
2021-08-06,7.38,0.0,0.0,0.0,90,69
2021-08-07,6.71,0.13,0.0,0.0,87,68
2021-08-08,8.05,0.69,0.0,0.0,82,66
2021-08-09,5.37,0.0,0.0,0.0,91,68
2021-08-10,7.83,0.39,0.0,0.0,93,73
2021-08-11,8.5,0.1,0.0,0.0,95,73
2021-08-12,8.05,0.0,0.0,0.0,96,75
2021-08-13,6.71,0.0,0.0,0.0,95,79
2021-08-14,9.17,0.0,0.0,0.0,90,75
2021-08-15,7.83,0.0,0.0,0.0,87,72
2021-08-16,6.71,0.0,0.0,0.0,82,71
2021-08-17,5.14,0.06,0.0,0.0,83,73
2021-08-18,10.07,0.0,0.0,0.0,91,76
2021-08-19,12.53,0.0,0.0,0.0,90,79
2021-08-20,5.14,0.27,0.0,0.0,82,74
2021-08-21,4.7,0.18,0.0,0.0,83,72
2021-08-22,9.4,0.86,0.0,0.0,83,73
2021-08-23,12.53,0.22,0.0,0.0,90,73
2021-08-24,6.71,0.0,0.0,0.0,92,74
2021-08-25,4.25,0.0,0.0,0.0,94,73
2021-08-26,5.82,0.0,0.0,0.0,93,75
2021-08-27,4.7,0.0,0.0,0.0,93,76
2021-08-28,8.72,3.17,0.0,0.0,78,69
2021-08-29,6.71,0.0,0.0,0.0,80,68
2021-08-30,6.04,0.0,0.0,0.0,90,73
2021-08-31,4.92,0.0,0.0,0.0,86,74
2021-09-01,11.18,2.37,0.0,0.0,82,64
2021-09-02,12.97,0.0,0.0,0.0,78,63
2021-09-03,8.05,0.0,0.0,0.0,75,59
2021-09-04,4.92,0.0,0.0,0.0,79,60
2021-09-05,6.04,0.04,0.0,0.0,76,63
2021-09-06,9.17,0.03,0.0,0.0,85,69
2021-09-07,5.14,0.0,0.0,0.0,84,62
2021-09-08,9.84,0.01,0.0,0.0,86,66
2021-09-09,5.82,0.47,0.0,0.0,74,66
2021-09-10,10.07,0.0,0.0,0.0,77,62
2021-09-11,6.93,0.0,0.0,0.0,80,58
2021-09-12,10.96,0.0,0.0,0.0,86,64
2021-09-13,8.05,0.0,0.0,0.0,88,70
2021-09-14,4.47,0.0,0.0,0.0,88,69
2021-09-15,8.72,0.05,0.0,0.0,89,71
2021-09-16,9.4,0.0,0.0,0.0,81,71
2021-09-17,8.28,0.01,0.0,0.0,77,70
2021-09-18,7.16,0.0,0.0,0.0,87,69
2021-09-19,7.61,0.0,0.0,0.0,80,62
2021-09-20,6.71,0.0,0.0,0.0,80,60
2021-09-21,6.26,0.0,0.0,0.0,83,60
2021-09-22,10.51,0.0,0.0,0.0,84,69
2021-09-23,10.29,1.56,0.0,0.0,81,62
2021-09-24,5.37,0.0,0.0,0.0,74,56
2021-09-25,5.14,0.0,0.0,0.0,76,55
2021-09-26,10.51,0.0,0.0,0.0,74,61
2021-09-27,10.51,0.0,0.0,0.0,82,57
2021-09-28,9.4,0.07,0.0,0.0,78,61
2021-09-29,9.17,0.0,0.0,0.0,70,54
2021-09-30,8.28,0.0,0.0,0.0,70,57
2021-10-01,6.26,0.0,0.0,0.0,69,50
2021-10-02,8.05,0.0,0.0,0.0,77,54
2021-10-03,4.7,0.0,0.0,0.0,83,60
2021-10-04,6.49,0.0,0.0,0.0,82,69
2021-10-05,7.61,2.36,0.0,0.0,70,63
2021-10-06,4.03,0.0,0.0,0.0,72,64
2021-10-07,3.58,0.0,0.0,0.0,77,64
2021-10-08,3.36,0.0,0.0,0.0,79,61
2021-10-09,10.51,0.0,0.0,0.0,71,63
2021-10-10,13.2,0.03,0.0,0.0,70,63
2021-10-11,11.41,0.0,0.0,0.0,72,62
2021-10-12,6.49,0.0,0.0,0.0,71,62
2021-10-13,3.58,0.0,0.0,0.0,73,62
2021-10-14,5.37,0.0,0.0,0.0,79,62
2021-10-15,4.7,0.0,0.0,0.0,82,61
2021-10-16,11.18,0.27,0.0,0.0,82,57
2021-10-17,12.53,0.0,0.0,0.0,62,51
2021-10-18,12.08,0.0,0.0,0.0,63,49
2021-10-19,11.86,0.0,0.0,0.0,71,46
2021-10-20,9.17,0.0,0.0,0.0,76,53
2021-10-21,6.93,0.0,0.0,0.0,76,56
2021-10-22,8.5,0.0,0.0,0.0,67,55
2021-10-23,6.26,0.01,0.0,0.0,64,51
2021-10-24,3.36,0.0,0.0,0.0,62,46
2021-10-25,8.28,0.82,0.0,0.0,78,59
2021-10-26,13.42,0.66,0.0,0.0,66,50
2021-10-27,12.3,0.03,0.0,0.0,68,50
2021-10-28,6.71,0.0,0.0,0.0,65,49
2021-10-29,18.34,0.53,0.0,0.0,63,51
2021-10-30,6.93,0.09,0.0,0.0,67,55
2021-10-31,10.51,0.01,0.0,0.0,64,52
2021-11-01,10.51,0.0,0.0,0.0,60,48
2021-11-02,6.93,0.02,0.0,0.0,53,41
2021-11-03,7.38,0.0,0.0,0.0,53,37
2021-11-04,4.92,0.0,0.0,0.0,53,36
2021-11-05,6.49,0.0,0.0,0.0,54,35
2021-11-06,5.82,0.0,0.0,0.0,57,34
2021-11-07,4.92,0.0,0.0,0.0,55,37
2021-11-08,5.59,0.0,0.0,0.0,67,40
2021-11-09,5.59,0.0,0.0,0.0,71,44
2021-11-10,6.04,0.0,0.0,0.0,68,47
2021-11-11,6.71,0.0,0.0,0.0,67,42
2021-11-12,10.29,0.15,0.0,0.0,68,45
2021-11-13,10.51,0.0,0.0,0.0,62,40
2021-11-14,8.95,0.01,0.0,0.0,49,37
2021-11-15,13.42,0.0,0.0,0.0,49,38
2021-11-16,7.83,0.0,0.0,0.0,50,34
2021-11-17,4.7,0.0,0.0,0.0,66,30
2021-11-18,10.74,0.07,0.0,0.0,73,47
2021-11-19,13.42,0.0,0.0,0.0,49,37
2021-11-20,3.8,0.0,0.0,0.0,49,32
2021-11-21,3.36,0.0,0.0,0.0,54,39
2021-11-22,10.29,0.05,0.0,0.0,54,38
2021-11-23,11.41,0.0,0.0,0.0,46,33
2021-11-24,6.26,0.0,0.0,0.0,49,29
2021-11-25,6.49,0.0,0.0,0.0,57,35
2021-11-26,16.11,0.16,0.0,0.0,50,40
2021-11-27,13.65,0.0,0.0,0.0,43,38
2021-11-28,3.8,0.0,0.0,0.0,53,37
2021-11-29,11.18,0.0,0.0,0.0,46,34
2021-11-30,5.82,0.0,0.0,0.0,45,30
2021-12-01,5.82,0.0,0.0,0.0,53,36
2021-12-02,9.84,0.0,0.0,0.0,61,46
2021-12-03,10.74,0.0,0.0,0.0,55,42
2021-12-04,5.37,0.0,0.0,0.0,49,37
2021-12-05,5.37,0.0,0.0,0.0,55,35
2021-12-06,14.09,0.07,0.0,0.0,67,43
2021-12-07,8.95,0.0,0.0,0.0,44,36
2021-12-08,4.92,0.0,0.0,0.0,43,36
2021-12-09,6.71,0.0,0.0,0.0,42,30
2021-12-10,3.13,0.0,0.0,0.0,51,33
2021-12-11,14.09,0.19,0.0,0.0,68,46
2021-12-12,12.97,0.0,0.0,0.0,51,38
2021-12-13,8.95,0.0,0.0,0.0,56,33
2021-12-14,6.49,0.0,0.0,0.0,57,35
2021-12-15,4.25,0.0,0.0,0.0,59,35
2021-12-16,10.96,0.0,0.0,0.0,65,49
2021-12-17,8.95,0.0,0.0,0.0,60,51
2021-12-18,5.82,0.1,0.0,0.0,52,41
2021-12-19,14.32,0.0,0.0,0.0,50,30
2021-12-20,6.26,0.0,0.0,0.0,40,25
2021-12-21,4.7,0.01,0.0,0.0,44,29
2021-12-22,12.3,0.16,0.0,0.0,49,33
2021-12-23,8.95,0.0,0.0,0.0,40,28
2021-12-24,4.25,0.0,0.0,0.0,53,35
2021-12-25,5.14,0.65,0.0,0.0,59,41
2021-12-26,9.84,0.0,0.0,0.0,57,40
2021-12-27,5.59,0.19,0.0,0.0,41,37
2021-12-28,4.47,0.04,0.0,0.0,49,39
2021-12-29,4.03,0.03,0.0,0.0,53,44
2021-12-30,3.13,0.2,0.0,0.0,53,46
2021-12-31,4.47,0.0,0.0,0.0,54,48
2022-01-01,2.68,0.57,0.0,0.0,58,51
2022-01-02,10.51,0.07,0.0,0.0,63,39
2022-01-03,16.55,0.09,1.0,0.0,39,25
2022-01-04,7.61,0.0,0.0,0.0,36,22
2022-01-05,7.16,0.0,0.0,0.0,47,28
2022-01-06,9.17,0.0,0.0,0.0,41,34
2022-01-07,16.11,0.17,2.9,3.1,34,25
2022-01-08,7.38,0.0,0.0,0.0,35,20
2022-01-09,10.74,0.19,0.0,0.0,44,28
2022-01-10,15.43,0.0,0.0,0.0,42,27
2022-01-11,11.63,0.0,0.0,0.0,27,19
2022-01-12,8.05,0.0,0.0,0.0,43,21
2022-01-13,1.79,0.0,0.0,0.0,50,27
2022-01-14,17.0,0.0,0.0,0.0,49,26
2022-01-15,13.87,0.0,0.0,0.0,26,16
2022-01-16,10.96,0.61,0.7,0.0,46,12
2022-01-17,20.58,0.62,0.0,0.0,51,35
2022-01-18,13.87,0.0,0.0,0.0,41,30
2022-01-19,10.07,0.0,0.0,0.0,52,28
2022-01-20,11.63,0.31,0.0,0.0,46,22
2022-01-21,12.97,0.0,0.0,0.0,27,17
2022-01-22,6.71,0.0,0.0,0.0,33,14
2022-01-23,6.04,0.0,0.0,0.0,39,21
2022-01-24,6.71,0.0,0.0,0.0,38,27
2022-01-25,6.71,0.0,0.0,0.0,46,30
2022-01-26,9.62,0.0,0.0,0.0,32,22
2022-01-27,4.92,0.0,0.0,0.0,35,18
2022-01-28,5.37,0.12,1.7,0.0,36,29
2022-01-29,19.01,0.6,5.8,5.9,31,16
2022-01-30,8.05,0.0,0.0,5.1,27,11
2022-01-31,5.59,0.0,0.0,3.9,35,19
2022-02-01,5.37,0.0,0.0,3.9,40,23
2022-02-02,2.91,0.0,0.0,1.2,46,25
2022-02-03,3.8,0.25,0.0,0.0,56,39
2022-02-04,12.75,0.72,0.0,0.0,58,31
2022-02-05,15.21,0.0,0.0,0.0,32,22
2022-02-06,3.8,0.0,0.0,0.0,39,18
2022-02-07,6.04,0.04,0.0,0.0,40,33
2022-02-08,10.51,0.0,0.0,0.0,44,31
2022-02-09,5.37,0.0,0.0,0.0,53,27
2022-02-10,8.5,0.0,0.0,0.0,58,33
2022-02-11,8.5,0.0,0.0,0.0,62,31
2022-02-12,11.86,0.0,0.0,0.0,61,42
2022-02-13,7.16,0.29,0.4,0.0,42,29
2022-02-14,12.75,0.0,0.0,0.0,30,19
2022-02-15,5.59,0.0,0.0,0.0,34,19
2022-02-16,6.49,0.0,0.0,0.0,54,27
2022-02-17,12.53,0.09,0.0,0.0,69,40
2022-02-18,18.57,0.37,0.0,0.0,66,31
2022-02-19,16.33,0.0,0.0,0.0,46,25
2022-02-20,8.72,0.0,0.0,0.0,40,21
2022-02-21,4.7,0.0,0.0,0.0,62,30
2022-02-22,9.17,0.16,0.0,0.0,64,38
2022-02-23,14.54,0.0,0.0,0.0,71,42
2022-02-24,9.84,0.08,0.0,0.0,42,32
2022-02-25,12.3,0.87,0.0,0.0,51,32
2022-02-26,7.83,0.0,0.0,0.0,41,30
2022-02-27,13.65,0.0,0.0,0.0,52,29
2022-02-28,8.5,0.0,0.0,0.0,42,30
2022-03-01,7.38,0.0,0.0,0.0,53,31
2022-03-02,7.38,0.0,0.0,0.0,58,40
2022-03-03,13.87,0.0,0.0,0.0,51,31
2022-03-04,9.4,0.0,0.0,0.0,41,23
2022-03-05,4.47,0.0,0.0,0.0,55,29
2022-03-06,8.5,0.15,0.0,0.0,71,42
2022-03-07,17.67,0.0,0.0,0.0,77,50
2022-03-08,12.53,0.0,0.0,0.0,51,42
2022-03-09,8.5,0.34,0.0,0.0,43,38
2022-03-10,4.25,0.0,0.0,0.0,53,33
2022-03-11,4.92,0.0,0.0,0.0,60,33
2022-03-12,17.22,0.52,0.4,0.0,49,24
2022-03-13,13.65,0.0,0.0,0.0,38,24
2022-03-14,9.4,0.0,0.0,0.0,62,34
2022-03-15,6.26,0.0,0.0,0.0,70,40
2022-03-16,4.47,0.0,0.0,0.0,72,41
2022-03-17,7.61,0.17,0.0,0.0,59,48
2022-03-18,6.26,0.0,0.0,0.0,75,51
2022-03-19,8.28,0.09,0.0,0.0,76,56
2022-03-20,14.54,0.0,0.0,0.0,62,51
2022-03-21,11.63,0.0,0.0,0.0,66,42
2022-03-22,6.49,0.0,0.0,0.0,63,46
2022-03-23,13.42,0.25,0.0,0.0,55,44
2022-03-24,10.29,0.53,0.0,0.0,49,46
2022-03-25,9.4,0.0,0.0,0.0,60,46
2022-03-26,16.55,0.0,0.0,0.0,56,44
2022-03-27,18.57,0.0,0.0,0.0,45,31
2022-03-28,16.11,0.0,0.0,0.0,36,26
2022-03-29,13.42,0.0,0.0,0.0,44,26
2022-03-30,5.82,0.0,0.0,0.0,50,31
2022-03-31,14.76,0.04,0.0,0.0,71,50
2022-04-01,17.67,0.24,0.0,0.0,67,45
2022-04-02,10.51,0.0,0.0,0.0,56,41
2022-04-03,10.29,0.13,0.0,0.0,57,43
2022-04-04,9.17,0.0,0.0,0.0,55,40
2022-04-05,6.71,0.09,0.0,0.0,60,42
2022-04-06,12.53,0.94,0.0,0.0,57,48
2022-04-07,10.96,1.38,0.0,0.0,61,48
2022-04-08,9.17,0.04,0.0,0.0,65,45
2022-04-09,9.17,0.14,0.0,0.0,58,46
2022-04-10,14.32,0.0,0.0,0.0,52,43
2022-04-11,6.49,0.0,0.0,0.0,61,37
2022-04-12,6.26,0.0,0.0,0.0,73,48
2022-04-13,6.71,0.0,0.0,0.0,80,52
2022-04-14,11.41,0.16,0.0,0.0,83,57
2022-04-15,9.62,0.0,0.0,0.0,70,47
2022-04-16,10.96,0.13,0.0,0.0,75,50
2022-04-17,11.41,0.0,0.0,0.0,52,37
2022-04-18,11.41,1.13,0.0,0.0,50,32
2022-04-19,18.12,0.1,0.0,0.0,52,39
2022-04-20,8.95,0.0,0.0,0.0,60,38
2022-04-21,8.95,0.0,0.0,0.0,63,43
2022-04-22,7.83,0.0,0.0,0.0,71,46
2022-04-23,6.71,0.0,0.0,0.0,62,52
2022-04-24,9.84,0.0,0.0,0.0,72,50
2022-04-25,9.84,0.0,0.0,0.0,62,46
2022-04-26,8.05,0.03,0.0,0.0,72,54
2022-04-27,17.67,0.0,0.0,0.0,59,44
2022-04-28,17.0,0.0,0.0,0.0,60,40
2022-04-29,12.3,0.0,0.0,0.0,66,43
2022-04-30,8.5,0.0,0.0,0.0,70,43
2022-05-01,4.25,0.0,0.0,0.0,73,45
2022-05-02,6.04,0.02,0.0,0.0,75,54
2022-05-03,9.17,0.0,0.0,0.0,75,52
2022-05-04,4.03,0.11,0.0,0.0,68,52
2022-05-05,7.38,0.0,0.0,0.0,75,59
2022-05-06,8.95,0.74,0.0,0.0,61,51
2022-05-07,19.91,0.88,0.0,0.0,54,45
2022-05-08,14.54,0.08,0.0,0.0,60,44
2022-05-09,13.42,0.0,0.0,0.0,73,49
2022-05-10,13.65,0.0,0.0,0.0,74,53
2022-05-11,11.63,0.0,0.0,0.0,74,54
2022-05-12,9.62,0.0,0.0,0.0,77,57
2022-05-13,7.61,0.27,0.0,0.0,76,61
2022-05-14,4.92,0.12,0.0,0.0,71,65
2022-05-15,5.59,0.0,0.0,0.0,80,64
2022-05-16,8.5,0.05,0.0,0.0,81,63
2022-05-17,13.2,0.0,0.0,0.0,82,57
2022-05-18,7.61,0.05,0.0,0.0,74,57
2022-05-19,6.04,0.41,0.0,0.0,79,57
2022-05-20,5.82,0.08,0.0,0.0,87,61
2022-05-21,6.71,0.0,0.0,0.0,95,67
2022-05-22,9.4,0.02,0.0,0.0,91,71
2022-05-23,10.07,0.0,0.0,0.0,78,61
2022-05-24,8.72,0.0,0.0,0.0,72,58
2022-05-25,8.5,0.0,0.0,0.0,77,56
2022-05-26,6.26,0.0,0.0,0.0,74,54
2022-05-27,8.72,1.13,0.0,0.0,81,67
2022-05-28,9.17,0.2,0.0,0.0,78,67
2022-05-29,6.49,0.0,0.0,0.0,82,64
2022-05-30,6.71,0.0,0.0,0.0,89,65
2022-05-31,9.17,0.0,0.0,0.0,96,72
2022-06-01,8.72,0.0,0.0,0.0,87,64
2022-06-02,5.82,1.04,0.0,0.0,87,64
2022-06-03,8.05,0.0,0.0,0.0,80,65
2022-06-04,6.49,0.0,0.0,0.0,86,64
2022-06-05,7.16,0.0,0.0,0.0,81,62
2022-06-06,7.38,0.0,0.0,0.0,82,58
2022-06-07,10.74,0.07,0.0,0.0,80,61
2022-06-08,6.71,0.63,0.0,0.0,86,71
2022-06-09,15.66,1.36,0.0,0.0,84,68
2022-06-10,8.28,0.0,0.0,0.0,81,62
2022-06-11,4.25,0.0,0.0,0.0,75,66
2022-06-12,5.82,0.71,0.0,0.0,81,65
2022-06-13,6.26,0.01,0.0,0.0,91,70
2022-06-14,6.71,0.13,0.0,0.0,85,65
2022-06-15,5.14,0.0,0.0,0.0,89,66
2022-06-16,8.5,0.24,0.0,0.0,78,66
2022-06-17,11.63,0.0,0.0,0.0,96,73
2022-06-18,15.21,0.0,0.0,0.0,79,63
2022-06-19,14.54,0.0,0.0,0.0,77,58
2022-06-20,8.05,0.0,0.0,0.0,82,57
2022-06-21,5.59,0.01,0.0,0.0,81,63
2022-06-22,8.95,0.0,0.0,0.0,77,66
2022-06-23,6.71,0.33,0.0,0.0,74,64
2022-06-24,6.71,0.0,0.0,0.0,84,63
2022-06-25,7.61,0.0,0.0,0.0,91,69
2022-06-26,10.29,0.0,0.0,0.0,91,72
2022-06-27,7.61,0.5,0.0,0.0,82,70
2022-06-28,8.05,0.0,0.0,0.0,81,66
2022-06-29,6.71,0.0,0.0,0.0,88,64
2022-06-30,6.04,0.0,0.0,0.0,91,70
2022-07-01,10.51,0.0,0.0,0.0,94,73
2022-07-02,11.41,0.02,0.0,0.0,94,75
2022-07-03,7.16,0.01,0.0,0.0,91,72
2022-07-04,7.61,0.0,0.0,0.0,88,68
2022-07-05,9.62,0.13,0.0,0.0,89,71
2022-07-06,8.05,0.01,0.0,0.0,90,75
2022-07-07,7.38,1.37,0.0,0.0,84,70
2022-07-08,6.04,0.0,0.0,0.0,88,68
2022-07-09,3.58,0.02,0.0,0.0,78,70
2022-07-10,5.82,0.0,0.0,0.0,83,68
2022-07-11,6.71,0.0,0.0,0.0,86,65
2022-07-12,12.75,0.0,0.0,0.0,93,70
2022-07-13,6.93,0.0,0.0,0.0,91,73
2022-07-14,5.82,0.0,0.0,0.0,92,77
2022-07-15,6.71,0.0,0.0,0.0,90,73
2022-07-16,3.8,0.09,0.0,0.0,89,73
2022-07-17,3.8,0.0,0.0,0.0,87,72
2022-07-18,11.41,0.02,0.0,0.0,94,77
2022-07-19,10.29,0.0,0.0,0.0,93,76
2022-07-20,8.28,0.0,0.0,0.0,96,77
2022-07-21,11.63,0.0,0.0,0.0,97,79
2022-07-22,8.95,0.0,0.0,0.0,97,78
2022-07-23,8.05,0.0,0.0,0.0,98,79
2022-07-24,10.51,0.0,0.0,0.0,99,78
2022-07-25,13.42,0.0,0.0,0.0,92,81
2022-07-26,6.93,0.0,0.0,0.0,83,76
2022-07-27,6.26,0.0,0.0,0.0,89,75
2022-07-28,9.62,0.25,0.0,0.0,93,74
2022-07-29,6.26,0.1,0.0,0.0,87,75
2022-07-30,9.62,0.0,0.0,0.0,90,75
2022-07-31,6.04,0.18,0.0,0.0,92,72
2022-08-01,5.59,0.12,0.0,0.0,81,69
2022-08-02,9.84,0.01,0.0,0.0,93,73
2022-08-03,7.38,0.0,0.0,0.0,93,75
2022-08-04,8.28,0.09,0.0,0.0,97,75
2022-08-05,8.05,0.0,0.0,0.0,92,74
2022-08-06,9.17,0.0,0.0,0.0,92,75
2022-08-07,12.75,0.0,0.0,0.0,94,78
2022-08-08,12.3,0.0,0.0,0.0,97,79
2022-08-09,11.41,0.24,0.0,0.0,98,79
2022-08-10,6.04,0.0,0.0,0.0,91,78
2022-08-11,8.05,1.6,0.0,0.0,90,74
2022-08-12,10.96,0.0,0.0,0.0,87,73
2022-08-13,7.16,0.0,0.0,0.0,85,65
2022-08-14,4.7,0.0,0.0,0.0,85,67
2022-08-15,5.82,0.0,0.0,0.0,85,67
2022-08-16,7.61,0.0,0.0,0.0,85,64
2022-08-17,5.37,0.0,0.0,0.0,84,68
2022-08-18,7.61,0.0,0.0,0.0,87,66
2022-08-19,7.16,0.0,0.0,0.0,92,70
2022-08-20,6.04,0.0,0.0,0.0,92,73
2022-08-21,4.25,0.05,0.0,0.0,86,71
2022-08-22,5.37,0.17,0.0,0.0,87,73
2022-08-23,7.16,0.0,0.0,0.0,87,72
2022-08-24,6.49,0.0,0.0,0.0,90,72
2022-08-25,6.26,0.0,0.0,0.0,92,72
2022-08-26,9.62,0.0,0.0,0.0,94,76
2022-08-27,6.49,0.0,0.0,0.0,93,75
2022-08-28,7.83,0.0,0.0,0.0,91,75
2022-08-29,6.04,0.0,0.0,0.0,92,74
2022-08-30,9.84,0.42,0.0,0.0,94,76
2022-08-31,10.51,0.0,0.0,0.0,86,72
2022-09-01,9.62,0.0,0.0,0.0,88,69
2022-09-02,7.38,0.0,0.0,0.0,85,65
2022-09-03,4.7,0.0,0.0,0.0,88,67
2022-09-04,7.38,0.0,0.0,0.0,91,72
2022-09-05,7.61,0.0,0.0,0.0,90,73
2022-09-06,8.05,1.22,0.0,0.0,77,70
2022-09-07,9.17,0.14,0.0,0.0,75,69
2022-09-08,6.93,0.0,0.0,0.0,82,65
2022-09-09,5.14,0.0,0.0,0.0,84,63
2022-09-10,3.58,0.0,0.0,0.0,83,62
2022-09-11,4.03,0.44,0.0,0.0,77,71
2022-09-12,4.25,0.06,0.0,0.0,86,74
2022-09-13,10.07,0.0,0.0,0.0,85,70
2022-09-14,8.5,0.0,0.0,0.0,82,64
2022-09-15,8.72,0.0,0.0,0.0,78,64
2022-09-16,4.7,0.0,0.0,0.0,79,58
2022-09-17,5.59,0.0,0.0,0.0,83,63
2022-09-18,9.62,0.0,0.0,0.0,85,67
2022-09-19,7.38,0.0,0.0,0.0,89,69
2022-09-20,9.17,0.0,0.0,0.0,83,68
2022-09-21,6.04,0.0,0.0,0.0,85,65
2022-09-22,12.3,0.04,0.0,0.0,82,60
2022-09-23,16.11,0.0,0.0,0.0,68,52
2022-09-24,9.84,0.0,0.0,0.0,71,49
2022-09-25,7.16,0.12,0.0,0.0,77,60
2022-09-26,12.08,0.0,0.0,0.0,80,61
2022-09-27,11.18,0.0,0.0,0.0,74,58
2022-09-28,9.17,0.0,0.0,0.0,73,52
2022-09-29,10.07,0.0,0.0,0.0,72,54
2022-09-30,12.53,0.04,0.0,0.0,65,55
2022-10-01,16.11,0.84,0.0,0.0,63,56
2022-10-02,15.21,1.99,0.0,0.0,60,48
2022-10-03,15.21,0.33,0.0,0.0,53,48
2022-10-04,14.99,0.65,0.0,0.0,54,48
2022-10-05,10.07,0.01,0.0,0.0,64,54
2022-10-06,5.37,0.0,0.0,0.0,77,52
2022-10-07,8.28,0.02,0.0,0.0,80,56
2022-10-08,10.07,0.02,0.0,0.0,62,48
2022-10-09,8.72,0.0,0.0,0.0,65,44
2022-10-10,5.82,0.0,0.0,0.0,70,43
2022-10-11,4.92,0.0,0.0,0.0,74,46
2022-10-12,4.92,0.0,0.0,0.0,71,49
2022-10-13,7.83,0.61,0.0,0.0,72,56
2022-10-14,4.7,0.0,0.0,0.0,71,50
2022-10-15,5.37,0.0,0.0,0.0,73,48
2022-10-16,2.24,0.0,0.0,0.0,69,50
2022-10-17,8.95,0.42,0.0,0.0,70,51
2022-10-18,8.95,0.0,0.0,0.0,57,45
2022-10-19,13.65,0.0,0.0,0.0,56,41
2022-10-20,11.63,0.0,0.0,0.0,61,42
2022-10-21,3.8,0.0,0.0,0.0,65,41
2022-10-22,2.24,0.0,0.0,0.0,70,43
2022-10-23,10.96,0.09,0.0,0.0,64,51
2022-10-24,8.72,0.72,0.0,0.0,62,54
2022-10-25,1.79,0.01,0.0,0.0,70,61
2022-10-26,7.16,0.0,0.0,0.0,68,59
2022-10-27,11.63,0.0,0.0,0.0,65,51
2022-10-28,9.4,0.0,0.0,0.0,59,44
2022-10-29,5.82,0.0,0.0,0.0,62,42
2022-10-30,2.24,0.0,0.0,0.0,66,40
2022-10-31,2.91,0.09,0.0,0.0,65,46
2022-11-01,7.16,0.13,0.0,0.0,74,58
2022-11-02,5.14,0.0,0.0,0.0,71,51
2022-11-03,2.91,0.0,0.0,0.0,72,45
2022-11-04,2.91,0.0,0.0,0.0,73,47
2022-11-05,8.28,0.0,0.0,0.0,78,56
2022-11-06,9.62,0.0,0.0,0.0,77,67
2022-11-07,10.07,0.0,0.0,0.0,79,56
2022-11-08,13.2,0.0,0.0,0.0,61,46
2022-11-09,6.71,0.0,0.0,0.0,59,40
2022-11-10,2.46,0.0,0.0,0.0,70,43
2022-11-11,8.72,0.44,0.0,0.0,72,57
2022-11-12,10.96,0.07,0.0,0.0,71,60
2022-11-13,15.88,0.05,0.0,0.0,62,42
2022-11-14,8.5,0.0,0.0,0.0,48,35
2022-11-15,9.62,1.1,0.0,0.0,46,33
2022-11-16,13.2,0.21,0.0,0.0,53,40
2022-11-17,15.43,0.0,0.0,0.0,45,36
2022-11-18,13.42,0.0,0.0,0.0,46,32
2022-11-19,10.51,0.0,0.0,0.0,44,31
2022-11-20,15.43,0.0,0.0,0.0,38,27
2022-11-21,8.05,0.0,0.0,0.0,44,26
2022-11-22,4.92,0.0,0.0,0.0,54,32
2022-11-23,4.25,0.0,0.0,0.0,59,33
2022-11-24,3.36,0.0,0.0,0.0,58,35
2022-11-25,10.07,0.05,0.0,0.0,59,39
2022-11-26,8.72,0.0,0.0,0.0,58,37
2022-11-27,8.5,0.39,0.0,0.0,63,42
2022-11-28,12.3,0.0,0.0,0.0,56,41
2022-11-29,3.36,0.0,0.0,0.0,49,35
2022-11-30,11.63,0.45,0.0,0.0,57,38
2022-12-01,12.08,0.0,0.0,0.0,44,32
2022-12-02,4.47,0.0,0.0,0.0,47,27
2022-12-03,16.11,0.49,0.0,0.0,59,44
2022-12-04,7.61,0.0,0.0,0.0,45,31
2022-12-05,2.91,0.0,0.0,0.0,50,27
2022-12-06,5.37,0.61,0.0,0.0,57,33
2022-12-07,6.49,0.11,0.0,0.0,56,50
2022-12-08,9.17,0.0,0.0,0.0,56,44
2022-12-09,7.83,0.0,0.0,0.0,47,34
2022-12-10,7.38,0.0,0.0,0.0,45,30
2022-12-11,7.61,0.1,0.0,0.0,43,37
2022-12-12,9.62,0.0,0.0,0.0,44,32
2022-12-13,7.38,0.0,0.0,0.0,42,26
2022-12-14,7.16,0.0,0.0,0.0,42,26
2022-12-15,10.96,1.9,0.0,0.0,47,33
2022-12-16,14.32,0.15,0.0,0.0,49,41
2022-12-17,10.96,0.0,0.0,0.0,45,35
2022-12-18,10.51,0.0,0.0,0.0,40,32
2022-12-19,13.42,0.0,0.0,0.0,38,29
2022-12-20,7.38,0.0,0.0,0.0,41,27
2022-12-21,2.91,0.0,0.0,0.0,42,26
2022-12-22,10.07,0.71,0.0,0.0,53,29
2022-12-23,22.59,0.48,0.0,0.0,59,9
2022-12-24,19.91,0.0,0.0,0.0,18,7
2022-12-25,14.99,0.0,0.0,0.0,29,18
2022-12-26,8.05,0.0,0.0,0.0,30,17
2022-12-27,5.14,0.0,0.0,0.0,38,27
2022-12-28,4.03,0.0,0.0,0.0,49,24
2022-12-29,4.47,0.0,0.0,0.0,52,27
2022-12-30,2.24,0.0,0.0,0.0,58,30
2022-12-31,2.24,0.3,0.0,0.0,54,39
2023-01-01,7.61,0.0,0.0,0.0,57,39
2023-01-02,2.68,0.0,0.0,0.0,56,38
2023-01-03,5.14,0.07,0.0,0.0,62,47
2023-01-04,6.04,0.0,0.0,0.0,65,52
2023-01-05,5.14,0.18,0.0,0.0,64,46
2023-01-06,9.17,0.06,0.0,0.0,50,41
2023-01-07,10.96,0.0,0.0,0.0,46,39
2023-01-08,6.49,0.0,0.0,0.0,43,31
2023-01-09,8.05,0.07,0.0,0.0,45,36
2023-01-10,7.16,0.0,0.0,0.0,45,32
2023-01-11,4.47,0.0,0.0,0.0,46,30
2023-01-12,7.83,0.09,0.0,0.0,59,37
2023-01-13,15.66,0.02,0.0,0.0,58,37
2023-01-14,18.12,0.0,0.0,0.0,37,30
2023-01-15,16.11,0.0,0.0,0.0,44,28
2023-01-16,10.51,0.0,0.0,0.0,50,28
2023-01-17,5.59,0.0,0.0,0.0,46,33
2023-01-18,11.41,0.0,0.0,0.0,55,41
2023-01-19,4.47,1.1,0.0,0.0,46,37
2023-01-20,13.2,0.0,0.0,0.0,49,38
2023-01-21,9.4,0.0,0.0,0.0,44,38
2023-01-22,6.04,0.59,0.0,0.0,43,32
2023-01-23,12.08,0.2,0.0,0.0,42,37
2023-01-24,11.18,0.0,0.0,0.0,49,34
2023-01-25,9.62,0.71,0.0,0.0,58,29
2023-01-26,15.88,0.25,0.0,0.0,58,39
2023-01-27,8.05,0.0,0.0,0.0,43,33
2023-01-28,8.5,0.0,0.0,0.0,53,32
2023-01-29,7.61,0.0,0.0,0.0,52,33
2023-01-30,4.47,0.0,0.0,0.0,54,37
2023-01-31,7.16,0.02,0.0,0.0,45,35
2023-02-01,6.93,0.01,0.3,0.0,39,29
2023-02-02,8.5,0.0,0.0,0.0,41,28
2023-02-03,18.57,0.0,0.0,0.0,37,17
2023-02-04,8.95,0.0,0.0,0.0,28,15
2023-02-05,8.5,0.0,0.0,0.0,52,25
2023-02-06,11.18,0.0,0.0,0.0,53,32
2023-02-07,5.82,0.0,0.0,0.0,46,27
2023-02-08,5.82,0.01,0.0,0.0,58,35
2023-02-09,6.93,0.0,0.0,0.0,61,32
2023-02-10,14.76,0.0,0.0,0.0,63,43
2023-02-11,8.05,0.0,0.0,0.0,49,37
2023-02-12,7.38,0.11,0.0,0.0,46,35
2023-02-13,13.2,0.0,0.0,0.0,59,40
2023-02-14,7.16,0.0,0.0,0.0,56,40
2023-02-15,10.29,0.0,0.0,0.0,68,41
2023-02-16,4.03,0.17,0.0,0.0,62,48
2023-02-17,14.76,0.63,0.0,0.0,62,36
2023-02-18,11.86,0.0,0.0,0.0,43,29
2023-02-19,8.28,0.0,0.0,0.0,54,32
2023-02-20,8.05,0.0,0.0,0.0,63,42
2023-02-21,8.72,0.04,0.0,0.0,58,41
2023-02-22,6.71,0.04,0.0,0.0,47,36
2023-02-23,7.38,0.0,0.0,0.0,64,42
2023-02-24,13.65,0.0,0.0,0.0,54,33
2023-02-25,6.71,0.0,0.0,0.0,36,27
2023-02-26,12.08,0.0,0.0,0.0,53,30
2023-02-27,8.5,0.24,0.0,0.0,51,35
2023-02-28,7.61,0.07,0.0,0.0,45,36
2023-03-01,6.49,0.0,0.0,0.0,53,31
2023-03-02,7.83,0.0,0.0,0.0,59,44
2023-03-03,11.63,0.51,0.0,0.0,48,36
2023-03-04,16.11,0.19,0.0,0.0,54,40
2023-03-05,10.29,0.0,0.0,0.0,59,34
2023-03-06,6.93,0.0,0.0,0.0,56,39
2023-03-07,18.79,0.01,0.0,0.0,49,36
2023-03-08,17.45,0.0,0.0,0.0,50,34
2023-03-09,13.2,0.0,0.0,0.0,52,32
2023-03-10,6.49,0.24,0.0,0.0,48,35
2023-03-11,14.76,0.02,0.0,0.0,45,35
2023-03-12,6.26,0.0,0.0,0.0,47,30
2023-03-13,7.61,0.08,0.0,0.0,45,38
2023-03-14,21.92,0.0,0.0,0.0,41,34
2023-03-15,19.69,0.0,0.0,0.0,50,34
2023-03-16,8.72,0.0,0.0,0.0,60,32
2023-03-17,6.71,0.01,0.0,0.0,61,40
2023-03-18,15.66,0.01,0.0,0.0,54,40
2023-03-19,16.55,0.0,0.0,0.0,40,28
2023-03-20,8.5,0.0,0.0,0.0,50,28
2023-03-21,7.16,0.0,0.0,0.0,61,32
2023-03-22,7.61,0.0,0.0,0.0,64,38
2023-03-23,8.28,0.42,0.0,0.0,62,48
2023-03-24,5.59,0.12,0.0,0.0,59,44
2023-03-25,8.05,0.23,0.0,0.0,49,44
2023-03-26,9.17,0.0,0.0,0.0,63,44
2023-03-27,6.49,0.15,0.0,0.0,66,39
2023-03-28,7.83,0.0,0.0,0.0,53,39
2023-03-29,8.5,0.0,0.0,0.0,57,37
2023-03-30,11.86,0.0,0.0,0.0,48,33
2023-03-31,8.28,0.0,0.0,0.0,63,35
2023-04-01,15.21,0.5,0.0,0.0,71,50
2023-04-02,15.21,0.0,0.0,0.0,52,39
2023-04-03,8.05,0.0,0.0,0.0,63,35
2023-04-04,7.83,0.0,0.0,0.0,77,50
2023-04-05,9.4,0.0,0.0,0.0,72,55
2023-04-06,6.49,0.27,0.0,0.0,83,55
2023-04-07,10.51,0.0,0.0,0.0,59,47
2023-04-08,7.38,0.0,0.0,0.0,51,39
2023-04-09,5.14,0.0,0.0,0.0,59,36
2023-04-10,7.16,0.0,0.0,0.0,65,37
2023-04-11,11.86,0.0,0.0,0.0,74,45
2023-04-12,11.86,0.0,0.0,0.0,83,55
2023-04-13,9.62,0.0,0.0,0.0,86,56
2023-04-14,8.05,0.0,0.0,0.0,84,57
2023-04-15,4.92,0.0,0.0,0.0,74,60
2023-04-16,4.92,0.0,0.0,0.0,76,57
2023-04-17,12.97,0.09,0.0,0.0,68,54
2023-04-18,14.54,0.0,0.0,0.0,63,45
2023-04-19,9.62,0.0,0.0,0.0,67,41
2023-04-20,6.93,0.0,0.0,0.0,78,48
2023-04-21,6.93,0.0,0.0,0.0,84,49
2023-04-22,10.74,0.59,0.0,0.0,78,51
2023-04-23,11.63,0.14,0.0,0.0,68,50
2023-04-24,8.72,0.0,0.0,0.0,60,43
2023-04-25,7.38,0.0,0.0,0.0,58,42
2023-04-26,6.04,0.06,0.0,0.0,64,43
2023-04-27,7.38,0.05,0.0,0.0,61,49
2023-04-28,14.32,1.33,0.0,0.0,56,49
2023-04-29,9.17,0.63,0.0,0.0,61,49
2023-04-30,9.62,1.51,0.0,0.0,63,52
2023-05-01,16.55,0.04,0.0,0.0,63,50
2023-05-02,14.09,0.0,0.0,0.0,56,47
2023-05-03,8.95,0.02,0.0,0.0,53,46
2023-05-04,8.05,0.0,0.0,0.0,60,45
2023-05-05,4.25,0.0,0.0,0.0,64,44
2023-05-06,5.82,0.0,0.0,0.0,72,45
2023-05-07,6.71,0.0,0.0,0.0,76,50
2023-05-08,7.61,0.0,0.0,0.0,77,56
2023-05-09,7.61,0.0,0.0,0.0,70,51
2023-05-10,4.92,0.0,0.0,0.0,73,45
2023-05-11,7.83,0.0,0.0,0.0,80,52
2023-05-12,7.16,0.0,0.0,0.0,87,57
2023-05-13,6.04,0.02,0.0,0.0,74,60
2023-05-14,10.96,0.0,0.0,0.0,76,57
2023-05-15,9.17,0.0,0.0,0.0,75,51
2023-05-16,11.18,0.0,0.0,0.0,80,56
2023-05-17,13.42,0.0,0.0,0.0,68,50
2023-05-18,6.93,0.0,0.0,0.0,69,44
2023-05-19,6.71,0.0,0.0,0.0,73,49
2023-05-20,6.93,0.16,0.0,0.0,71,55
2023-05-21,9.62,0.0,0.0,0.0,77,56
2023-05-22,5.82,0.0,0.0,0.0,79,56
2023-05-23,8.05,0.0,0.0,0.0,75,53
2023-05-24,8.05,0.0,0.0,0.0,81,50
2023-05-25,11.41,0.0,0.0,0.0,71,53
2023-05-26,5.82,0.0,0.0,0.0,75,51
2023-05-27,5.37,0.0,0.0,0.0,80,52
2023-05-28,3.36,0.0,0.0,0.0,79,53
2023-05-29,9.17,0.0,0.0,0.0,82,58
2023-05-30,10.96,0.0,0.0,0.0,76,52
2023-05-31,6.26,0.0,0.0,0.0,80,50
2023-06-01,6.26,0.0,0.0,0.0,88,58
2023-06-02,5.82,0.0,0.0,0.0,95,62
2023-06-03,10.51,0.0,0.0,0.0,76,58
2023-06-04,7.38,0.0,0.0,0.0,77,52
2023-06-05,8.72,0.0,0.0,0.0,78,53
2023-06-06,10.29,0.02,0.0,0.0,82,56
2023-06-07,9.17,0.0,0.0,0.0,76,57
2023-06-08,7.38,0.0,0.0,0.0,76,54
2023-06-09,10.29,0.0,0.0,0.0,74,59
2023-06-10,8.72,0.0,0.0,0.0,82,54
2023-06-11,9.84,0.0,0.0,0.0,89,63
2023-06-12,10.29,0.58,0.0,0.0,84,64
2023-06-13,10.51,0.0,0.0,0.0,79,59
2023-06-14,9.84,0.17,0.0,0.0,77,63
2023-06-15,9.17,0.0,0.0,0.0,79,59
2023-06-16,4.7,1.04,0.0,0.0,73,61
2023-06-17,10.96,0.0,0.0,0.0,80,62
2023-06-18,7.16,0.0,0.0,0.0,83,61
2023-06-19,5.59,0.0,0.0,0.0,87,62
2023-06-20,10.29,0.0,0.0,0.0,79,65
2023-06-21,13.42,0.18,0.0,0.0,66,59
2023-06-22,12.08,0.0,0.0,0.0,68,59
2023-06-23,6.93,0.56,0.0,0.0,73,63
2023-06-24,6.26,0.02,0.0,0.0,82,69
2023-06-25,5.14,0.09,0.0,0.0,87,68
2023-06-26,8.72,0.51,0.0,0.0,87,67
2023-06-27,6.04,1.07,0.0,0.0,84,66
2023-06-28,7.83,0.0,0.0,0.0,80,65
2023-06-29,5.37,0.0,0.0,0.0,85,65
2023-06-30,5.37,0.0,0.0,0.0,84,64
2023-07-01,6.04,0.0,0.0,0.0,84,67
2023-07-02,6.71,0.15,0.0,0.0,88,73
2023-07-03,8.95,0.16,0.0,0.0,90,72
2023-07-04,7.38,0.32,0.0,0.0,88,72
2023-07-05,4.25,0.11,0.0,0.0,93,73
2023-07-06,4.7,0.0,0.0,0.0,91,73
2023-07-07,4.25,0.0,0.0,0.0,91,75
2023-07-08,4.03,0.18,0.0,0.0,90,74
2023-07-09,6.26,0.93,0.0,0.0,85,69
2023-07-10,8.05,0.0,0.0,0.0,86,69
2023-07-11,6.49,0.0,0.0,0.0,89,70
2023-07-12,6.04,0.0,0.0,0.0,91,71
2023-07-13,10.51,0.0,0.0,0.0,95,74
2023-07-14,8.95,0.11,0.0,0.0,89,79
2023-07-15,6.49,0.0,0.0,0.0,92,76
2023-07-16,5.59,1.74,0.0,0.0,80,75
2023-07-17,6.26,0.0,0.0,0.0,90,74
2023-07-18,7.83,0.0,0.0,0.0,91,74
2023-07-19,3.8,0.15,0.0,0.0,84,72
2023-07-20,4.25,0.0,0.0,0.0,88,72
2023-07-21,6.71,0.6,0.0,0.0,86,68
2023-07-22,8.5,0.0,0.0,0.0,85,70
2023-07-23,6.04,0.0,0.0,0.0,88,68
2023-07-24,6.93,0.0,0.0,0.0,86,69
2023-07-25,6.26,0.31,0.0,0.0,86,70
2023-07-26,5.82,0.0,0.0,0.0,88,68
2023-07-27,11.18,0.0,0.0,0.0,94,74
2023-07-28,7.83,0.25,0.0,0.0,94,75
2023-07-29,11.41,0.23,0.0,0.0,92,74
2023-07-30,10.51,0.0,0.0,0.0,81,67
2023-07-31,6.71,0.0,0.0,0.0,85,66
2023-08-01,7.38,0.0,0.0,0.0,81,67
2023-08-02,5.82,0.0,0.0,0.0,83,63
2023-08-03,9.17,0.0,0.0,0.0,81,65
2023-08-04,7.83,0.0,0.0,0.0,77,69
2023-08-05,5.14,0.0,0.0,0.0,86,70
2023-08-06,6.71,0.2,0.0,0.0,89,70
2023-08-07,9.62,1.11,0.0,0.0,88,69
2023-08-08,12.97,0.01,0.0,0.0,84,72
2023-08-09,10.51,0.0,0.0,0.0,87,68
2023-08-10,6.26,1.09,0.0,0.0,78,70
2023-08-11,8.5,0.0,0.0,0.0,86,69
2023-08-12,5.82,0.29,0.0,0.0,86,70
2023-08-13,8.05,0.0,0.0,0.0,89,72
2023-08-14,4.25,0.01,0.0,0.0,89,71
2023-08-15,9.62,0.0,0.0,0.0,91,75
2023-08-16,4.92,0.17,0.0,0.0,87,71
2023-08-17,5.37,0.0,0.0,0.0,87,71
2023-08-18,12.3,0.05,0.0,0.0,84,69
2023-08-19,9.4,0.0,0.0,0.0,81,63
2023-08-20,6.49,0.0,0.0,0.0,86,65
2023-08-21,6.26,0.0,0.0,0.0,90,72
2023-08-22,11.18,0.0,0.0,0.0,82,67
2023-08-23,5.82,0.0,0.0,0.0,81,63
2023-08-24,4.92,0.06,0.0,0.0,76,69
2023-08-25,6.49,0.02,0.0,0.0,87,72
2023-08-26,5.59,0.0,0.0,0.0,90,72
2023-08-27,5.14,0.0,0.0,0.0,88,69
2023-08-28,9.17,0.0,0.0,0.0,84,69
2023-08-29,6.71,0.0,0.0,0.0,80,70
2023-08-30,9.4,0.24,0.0,0.0,85,70
2023-08-31,12.08,0.0,0.0,0.0,81,65
2023-09-01,6.93,0.0,0.0,0.0,79,62
2023-09-02,5.82,0.0,0.0,0.0,82,58
2023-09-03,7.83,0.0,0.0,0.0,92,67
2023-09-04,6.71,0.0,0.0,0.0,96,73
2023-09-05,6.26,0.0,0.0,0.0,94,78
2023-09-06,6.26,0.0,0.0,0.0,95,77
2023-09-07,6.71,0.0,0.0,0.0,97,73
2023-09-08,5.82,0.3,0.0,0.0,94,72
2023-09-09,5.59,0.36,0.0,0.0,91,70
2023-09-10,4.03,1.96,0.0,0.0,84,70
2023-09-11,5.82,0.04,0.0,0.0,84,69
2023-09-12,4.47,0.0,0.0,0.0,85,68
2023-09-13,6.93,0.16,0.0,0.0,83,70
2023-09-14,11.86,0.0,0.0,0.0,80,63
2023-09-15,11.63,0.0,0.0,0.0,77,56
2023-09-16,8.5,0.0,0.0,0.0,78,59
2023-09-17,5.59,0.65,0.0,0.0,81,57
2023-09-18,7.61,0.46,0.0,0.0,73,63
2023-09-19,10.07,0.0,0.0,0.0,74,59
2023-09-20,3.36,0.0,0.0,0.0,76,57
2023-09-21,4.92,0.0,0.0,0.0,77,57
2023-09-22,12.53,0.0,0.0,0.0,74,58
2023-09-23,19.91,1.15,0.0,0.0,63,58
2023-09-24,9.84,0.53,0.0,0.0,70,63
2023-09-25,10.96,0.09,0.0,0.0,66,58
2023-09-26,11.18,0.02,0.0,0.0,63,58
2023-09-27,9.4,0.0,0.0,0.0,70,55
2023-09-28,11.18,0.06,0.0,0.0,65,56
2023-09-29,10.51,0.21,0.0,0.0,68,59
2023-09-30,8.28,0.0,0.0,0.0,71,60
2023-10-01,6.93,0.0,0.0,0.0,81,60
2023-10-02,5.82,0.0,0.0,0.0,82,62
2023-10-03,3.36,0.0,0.0,0.0,82,59
2023-10-04,3.8,0.0,0.0,0.0,83,60
2023-10-05,4.25,0.0,0.0,0.0,81,58
2023-10-06,4.03,0.0,0.0,0.0,80,66
2023-10-07,10.51,0.01,0.0,0.0,73,54
2023-10-08,13.87,0.0,0.0,0.0,61,49
2023-10-09,10.51,0.02,0.0,0.0,64,48
2023-10-10,5.59,0.0,0.0,0.0,68,50
2023-10-11,4.47,0.0,0.0,0.0,71,49
2023-10-12,2.01,0.0,0.0,0.0,73,50
2023-10-13,7.16,0.0,0.0,0.0,67,53
2023-10-14,9.4,0.46,0.0,0.0,54,49
2023-10-15,13.2,0.01,0.0,0.0,62,49
2023-10-16,9.4,0.0,0.0,0.0,63,45
2023-10-17,6.71,0.0,0.0,0.0,64,53
2023-10-18,4.25,0.0,0.0,0.0,67,51
2023-10-19,6.04,0.0,0.0,0.0,69,47
2023-10-20,5.14,0.07,0.0,0.0,70,57
2023-10-21,14.76,0.0,0.0,0.0,66,54
2023-10-22,14.32,0.0,0.0,0.0,60,49
2023-10-23,7.61,0.0,0.0,0.0,63,46
2023-10-24,4.25,0.0,0.0,0.0,69,43
2023-10-25,7.16,0.0,0.0,0.0,76,48
2023-10-26,3.8,0.0,0.0,0.0,80,51
2023-10-27,5.14,0.0,0.0,0.0,76,56
2023-10-28,8.05,0.0,0.0,0.0,83,60
2023-10-29,8.72,0.01,0.0,0.0,68,57
2023-10-30,8.72,0.03,0.0,0.0,70,52
2023-10-31,8.5,0.11,0.0,0.0,53,45
2023-11-01,11.86,0.02,0.0,0.0,52,38
2023-11-02,5.37,0.0,0.0,0.0,51,34
2023-11-03,6.49,0.0,0.0,0.0,59,37
2023-11-04,1.79,0.0,0.0,0.0,59,40
2023-11-05,4.03,0.0,0.0,0.0,71,41
2023-11-06,5.59,0.0,0.0,0.0,63,43
2023-11-07,8.95,0.0,0.0,0.0,65,52
2023-11-08,7.16,0.0,0.0,0.0,56,43
2023-11-09,6.71,0.0,0.0,0.0,72,44
2023-11-10,7.16,0.05,0.0,0.0,56,42
2023-11-11,6.71,0.0,0.0,0.0,58,39
2023-11-12,7.61,0.0,0.0,0.0,50,36
2023-11-13,6.04,0.0,0.0,0.0,53,31
2023-11-14,9.62,0.0,0.0,0.0,58,38
2023-11-15,5.82,0.0,0.0,0.0,57,35
2023-11-16,4.92,0.0,0.0,0.0,67,41
2023-11-17,5.82,0.0,0.0,0.0,69,40
2023-11-18,11.86,0.0,0.0,0.0,58,40
2023-11-19,9.17,0.0,0.0,0.0,58,37
2023-11-20,7.16,0.0,0.0,0.0,49,35
2023-11-21,13.2,1.08,0.0,0.0,54,36
2023-11-22,9.4,0.73,0.0,0.0,59,50
2023-11-23,11.41,0.0,0.0,0.0,54,43
2023-11-24,10.29,0.0,0.0,0.0,53,34
2023-11-25,4.47,0.0,0.0,0.0,43,29
2023-11-26,6.26,0.87,0.0,0.0,52,33
2023-11-27,12.75,0.0,0.0,0.0,51,34
2023-11-28,14.09,0.0,0.0,0.0,39,29
2023-11-29,9.84,0.0,0.0,0.0,39,25
2023-11-30,7.16,0.0,0.0,0.0,53,30
2023-12-01,3.36,0.42,0.0,0.0,49,35
2023-12-02,3.58,0.0,0.0,0.0,53,45
2023-12-03,5.14,0.69,0.0,0.0,53,46
2023-12-04,8.5,0.0,0.0,0.0,52,38
2023-12-05,4.7,0.0,0.0,0.0,46,35
2023-12-06,8.5,0.0,0.0,0.0,42,34
2023-12-07,7.16,0.01,0.0,0.0,42,30
2023-12-08,3.36,0.0,0.0,0.0,53,32
2023-12-09,2.91,0.0,0.0,0.0,53,35
2023-12-10,8.28,1.66,0.0,0.0,63,46
2023-12-11,14.54,0.42,0.0,0.0,48,37
2023-12-12,10.29,0.0,0.0,0.0,46,31
2023-12-13,9.62,0.0,0.0,0.0,47,32
2023-12-14,6.93,0.0,0.0,0.0,44,29
2023-12-15,9.4,0.0,0.0,0.0,57,32
2023-12-16,5.37,0.0,0.0,0.0,58,34
2023-12-17,8.5,0.83,0.0,0.0,60,42
2023-12-18,16.33,2.19,0.0,0.0,62,41
2023-12-19,12.97,0.0,0.0,0.0,42,30
2023-12-20,8.05,0.0,0.0,0.0,46,29
2023-12-21,6.71,0.0,0.0,0.0,47,34
2023-12-22,4.7,0.0,0.0,0.0,37,29
2023-12-23,3.58,0.0,0.0,0.0,47,32
2023-12-24,1.34,0.01,0.0,0.0,50,39
2023-12-25,3.36,0.0,0.0,0.0,53,39
2023-12-26,4.92,0.0,0.0,0.0,50,44
2023-12-27,8.5,1.48,0.0,0.0,52,45
2023-12-28,7.61,0.21,0.0,0.0,54,50
2023-12-29,9.17,0.0,0.0,0.0,54,42
2023-12-30,12.3,0.0,0.0,0.0,47,37
2023-12-31,6.04,0.0,0.0,0.0,47,37
2024-01-01,5.59,0.0,0.0,0.0,47,37
2024-01-02,9.17,0.0,0.0,0.0,44,32
2024-01-03,6.04,0.0,0.0,0.0,45,29
2024-01-04,9.17,0.0,0.0,0.0,45,29
2024-01-05,6.93,0.0,0.0,0.0,38,25
2024-01-06,8.5,1.04,0.1,0.0,41,27
2024-01-07,11.86,0.05,0.0,0.0,43,37
2024-01-08,7.61,0.0,0.0,0.0,48,31
2024-01-09,13.42,2.09,0.0,0.0,58,30
2024-01-10,20.8,0.0,0.0,0.0,59,44
2024-01-11,9.84,0.0,0.0,0.0,49,36
2024-01-12,8.72,0.37,0.0,0.0,51,32
2024-01-13,21.03,0.37,0.0,0.0,59,34
2024-01-14,16.33,0.0,0.0,0.0,46,26
2024-01-15,4.47,0.19,1.5,0.0,29,25
2024-01-16,11.18,0.23,1.8,2.0,30,19
2024-01-17,13.42,0.0,0.0,2.0,25,14
2024-01-18,6.71,0.0,0.0,2.0,32,21
2024-01-19,8.72,0.3,4.6,2.0,31,24
2024-01-20,12.75,0.0,0.0,5.1,25,16
2024-01-21,11.41,0.0,0.0,3.9,33,21
2024-01-22,8.28,0.0,0.0,3.1,35,17
2024-01-23,3.58,0.0,0.0,1.2,45,27
2024-01-24,2.24,0.01,0.0,0.0,46,35
2024-01-25,3.36,0.21,0.0,0.0,54,43
2024-01-26,5.82,0.16,0.0,0.0,51,45
2024-01-27,4.7,0.0,0.0,0.0,53,42
2024-01-28,11.63,0.89,0.0,0.0,42,38
2024-01-29,14.32,0.0,0.0,0.0,42,36
2024-01-30,5.14,0.0,0.0,0.0,39,34
2024-01-31,3.8,0.0,0.0,0.0,43,36
2024-02-01,5.59,0.0,0.0,0.0,49,30
2024-02-02,8.5,0.1,0.0,0.0,46,40
2024-02-03,10.29,0.0,0.0,0.0,47,36
2024-02-04,5.37,0.0,0.0,0.0,50,31
2024-02-05,7.16,0.0,0.0,0.0,48,31
2024-02-06,7.61,0.0,0.0,0.0,44,27
2024-02-07,5.59,0.0,0.0,0.0,49,29
2024-02-08,5.59,0.0,0.0,0.0,53,32
2024-02-09,4.7,0.0,0.0,0.0,57,39
2024-02-10,4.25,0.0,0.0,0.0,55,40
2024-02-11,4.47,0.0,0.0,0.0,50,42
2024-02-12,3.8,0.1,0.0,0.0,50,40
2024-02-13,14.54,0.75,0.6,0.0,42,33
2024-02-14,13.2,0.0,0.0,0.0,40,31
2024-02-15,7.38,0.0,0.0,0.0,41,26
2024-02-16,12.53,0.0,0.0,0.0,43,33
2024-02-17,11.86,0.19,2.6,2.0,38,26
2024-02-18,15.43,0.0,0.0,0.0,45,25
2024-02-19,6.93,0.0,0.0,0.0,46,28
2024-02-20,6.26,0.0,0.0,0.0,44,25
2024-02-21,4.7,0.0,0.0,0.0,48,25
2024-02-22,4.92,0.08,0.0,0.0,48,27
2024-02-23,5.82,0.0,0.0,0.0,48,40
2024-02-24,11.63,0.05,0.0,0.0,44,28
2024-02-25,7.16,0.0,0.0,0.0,44,22
2024-02-26,3.8,0.0,0.0,0.0,58,31
2024-02-27,8.28,0.11,0.0,0.0,65,36
2024-02-28,15.43,0.11,0.0,0.0,63,42
2024-02-29,14.32,0.0,0.0,0.0,43,32
2024-03-01,5.37,0.0,0.0,0.0,50,30
2024-03-02,8.95,1.17,0.0,0.0,56,39
2024-03-03,5.14,0.0,0.0,0.0,66,42
2024-03-04,6.71,0.0,0.0,0.0,66,44
2024-03-05,9.4,0.26,0.0,0.0,50,43
2024-03-06,6.71,1.0,0.0,0.0,52,48
2024-03-07,12.08,0.06,0.0,0.0,57,48
2024-03-08,8.05,0.0,0.0,0.0,57,40
2024-03-09,10.51,1.16,0.0,0.0,51,40
2024-03-10,19.46,0.0,0.0,0.0,50,37
2024-03-11,21.03,0.0,0.0,0.0,55,39
2024-03-12,12.3,0.0,0.0,0.0,68,41
2024-03-13,5.82,0.0,0.0,0.0,73,42
2024-03-14,5.59,0.0,0.0,0.0,77,45
2024-03-15,12.97,0.0,0.0,0.0,75,49
2024-03-16,8.72,0.0,0.0,0.0,62,45
2024-03-17,12.53,0.0,0.0,0.0,64,49
2024-03-18,16.11,0.0,0.0,0.0,50,37
2024-03-19,12.08,0.0,0.0,0.0,48,34
2024-03-20,17.0,0.0,0.0,0.0,62,36
2024-03-21,12.97,0.0,0.0,0.0,44,29
2024-03-22,7.38,0.0,0.0,0.0,46,29
2024-03-23,16.11,3.09,0.0,0.0,52,32
2024-03-24,9.62,0.0,0.0,0.0,49,29
2024-03-25,8.72,0.0,0.0,0.0,55,34
2024-03-26,6.71,0.0,0.0,0.0,60,38
2024-03-27,4.25,0.33,0.0,0.0,50,43
2024-03-28,9.17,0.07,0.0,0.0,51,45
2024-03-29,16.33,0.0,0.0,0.0,58,41
2024-03-30,9.84,0.05,0.0,0.0,62,38
2024-03-31,6.04,0.0,0.0,0.0,60,45
2024-04-01,5.37,0.46,0.0,0.0,54,46
2024-04-02,9.62,1.38,0.0,0.0,49,46
2024-04-03,17.67,1.49,0.0,0.0,46,43
2024-04-04,10.51,0.05,0.0,0.0,53,39
2024-04-05,14.32,0.0,0.0,0.0,53,41
2024-04-06,14.99,0.0,0.0,0.0,56,41
2024-04-07,10.29,0.0,0.0,0.0,63,41
2024-04-08,4.03,0.0,0.0,0.0,66,36
2024-04-09,3.36,0.0,0.0,0.0,79,45
2024-04-10,4.25,0.0,0.0,0.0,74,53
2024-04-11,12.53,0.05,0.0,0.0,74,53
2024-04-12,19.01,0.33,0.0,0.0,67,56
2024-04-13,19.46,0.0,0.0,0.0,61,48
2024-04-14,14.32,0.01,0.0,0.0,76,45
2024-04-15,9.17,0.0,0.0,0.0,84,59
2024-04-16,8.5,0.0,0.0,0.0,74,53
2024-04-17,6.71,0.13,0.0,0.0,66,50
2024-04-18,11.18,0.0,0.0,0.0,55,45
2024-04-19,6.26,0.0,0.0,0.0,57,44
2024-04-20,11.41,0.1,0.0,0.0,71,49
2024-04-21,8.72,0.0,0.0,0.0,53,42
2024-04-22,7.61,0.0,0.0,0.0,63,39
2024-04-23,7.16,0.0,0.0,0.0,69,40
2024-04-24,10.96,0.0,0.0,0.0,72,52
2024-04-25,7.83,0.0,0.0,0.0,61,44
2024-04-26,5.82,0.0,0.0,0.0,65,39
2024-04-27,6.49,0.0,0.0,0.0,59,42
2024-04-28,5.82,0.13,0.0,0.0,81,50
2024-04-29,5.82,0.0,0.0,0.0,90,59
2024-04-30,5.82,0.03,0.0,0.0,85,61
2024-05-01,6.49,0.02,0.0,0.0,81,59
2024-05-02,7.38,0.0,0.0,0.0,90,55
2024-05-03,11.41,0.0,0.0,0.0,69,49
2024-05-04,9.84,0.24,0.0,0.0,57,48
2024-05-05,7.16,0.12,0.0,0.0,63,50
2024-05-06,4.25,0.0,0.0,0.0,73,59
2024-05-07,5.37,0.0,0.0,0.0,82,61
2024-05-08,9.84,0.02,0.0,0.0,88,66
2024-05-09,6.49,0.02,0.0,0.0,74,58
2024-05-10,11.41,0.28,0.0,0.0,58,49
2024-05-11,7.16,0.0,0.0,0.0,66,46
2024-05-12,6.93,0.1,0.0,0.0,56,48
2024-05-13,6.71,0.0,0.0,0.0,73,46
2024-05-14,6.49,0.05,0.0,0.0,74,53
2024-05-15,10.51,0.21,0.0,0.0,66,59
2024-05-16,14.09,0.0,0.0,0.0,69,61
2024-05-17,5.82,0.0,0.0,0.0,68,60
2024-05-18,2.46,0.12,0.0,0.0,66,56
2024-05-19,4.92,0.0,0.0,0.0,77,57
2024-05-20,4.7,0.0,0.0,0.0,78,53
2024-05-21,7.83,0.0,0.0,0.0,84,58
2024-05-22,7.83,0.0,0.0,0.0,88,61
2024-05-23,6.04,0.1,0.0,0.0,80,69
2024-05-24,5.82,0.0,0.0,0.0,88,67
2024-05-25,5.14,0.0,0.0,0.0,88,65
2024-05-26,4.47,0.0,0.0,0.0,88,68
2024-05-27,8.28,0.43,0.0,0.0,77,69
2024-05-28,12.97,0.0,0.0,0.0,84,66
2024-05-29,6.93,0.01,0.0,0.0,78,62
2024-05-30,12.53,0.0,0.0,0.0,75,58
2024-05-31,8.95,0.0,0.0,0.0,77,55
2024-06-01,6.04,0.0,0.0,0.0,84,55
2024-06-02,8.95,0.0,0.0,0.0,86,62
2024-06-03,6.04,0.19,0.0,0.0,87,71
2024-06-04,5.14,0.0,0.0,0.0,89,67
2024-06-05,6.93,1.87,0.0,0.0,85,66
2024-06-06,12.08,0.06,0.0,0.0,87,72
2024-06-07,10.96,0.0,0.0,0.0,87,70
2024-06-08,8.95,0.0,0.0,0.0,82,64
2024-06-09,11.63,0.0,0.0,0.0,82,66
2024-06-10,10.51,0.0,0.0,0.0,77,64
2024-06-11,6.71,0.0,0.0,0.0,75,62
2024-06-12,6.04,0.0,0.0,0.0,80,62
2024-06-13,7.16,0.0,0.0,0.0,87,64
2024-06-14,8.5,0.02,0.0,0.0,90,69
2024-06-15,9.17,0.0,0.0,0.0,84,65
2024-06-16,4.92,0.0,0.0,0.0,86,63
2024-06-17,9.4,0.0,0.0,0.0,89,66
2024-06-18,8.5,0.0,0.0,0.0,91,72
2024-06-19,7.16,0.0,0.0,0.0,90,71
2024-06-20,8.05,0.0,0.0,0.0,91,71
2024-06-21,8.5,0.0,0.0,0.0,94,73
2024-06-22,8.95,0.0,0.0,0.0,98,75
2024-06-23,12.3,0.37,0.0,0.0,98,75
2024-06-24,15.43,0.0,0.0,0.0,85,74
2024-06-25,9.84,0.0,0.0,0.0,89,68
2024-06-26,11.18,0.38,0.0,0.0,95,72
2024-06-27,9.4,0.04,0.0,0.0,87,70
2024-06-28,9.17,0.0,0.0,0.0,82,65
2024-06-29,9.62,0.38,0.0,0.0,88,66
2024-06-30,10.07,1.37,0.0,0.0,90,71
2024-07-01,12.53,0.0,0.0,0.0,82,63
2024-07-02,5.37,0.0,0.0,0.0,86,65
2024-07-03,7.61,0.0,0.0,0.0,85,65
2024-07-04,7.16,0.0,0.0,0.0,91,69
2024-07-05,8.05,0.0,0.0,0.0,95,77
2024-07-06,8.05,0.02,0.0,0.0,97,80
2024-07-07,7.16,0.02,0.0,0.0,95,76
2024-07-08,4.92,0.0,0.0,0.0,95,77
2024-07-09,6.49,0.0,0.0,0.0,95,76
2024-07-10,11.18,0.0,0.0,0.0,93,78
2024-07-11,9.17,0.47,0.0,0.0,89,76
2024-07-12,4.7,0.66,0.0,0.0,80,73
2024-07-13,7.16,0.0,0.0,0.0,91,74
2024-07-14,4.47,0.56,0.0,0.0,94,75
2024-07-15,8.95,0.0,0.0,0.0,97,77
2024-07-16,9.84,0.21,0.0,0.0,98,74
2024-07-17,7.61,0.0,0.0,0.0,95,75
2024-07-18,7.83,0.0,0.0,0.0,86,74
2024-07-19,8.5,0.0,0.0,0.0,86,69
2024-07-20,6.71,0.0,0.0,0.0,85,72
2024-07-21,5.82,0.0,0.0,0.0,88,70
2024-07-22,5.14,0.18,0.0,0.0,84,73
2024-07-23,7.38,0.05,0.0,0.0,86,73
2024-07-24,5.14,0.22,0.0,0.0,82,74
2024-07-25,7.38,0.0,0.0,0.0,85,74
2024-07-26,6.71,0.0,0.0,0.0,85,68
2024-07-27,4.47,0.0,0.0,0.0,89,69
2024-07-28,4.47,0.0,0.0,0.0,90,67
2024-07-29,7.16,0.0,0.0,0.0,87,72
2024-07-30,11.41,0.0,0.0,0.0,86,75
2024-07-31,9.84,0.05,0.0,0.0,91,74
2024-08-01,6.93,0.0,0.0,0.0,97,76
2024-08-02,7.83,0.3,0.0,0.0,96,76
2024-08-03,9.17,0.31,0.0,0.0,93,73
2024-08-04,8.05,0.16,0.0,0.0,85,74
2024-08-05,7.61,0.0,0.0,0.0,94,75
2024-08-06,7.61,1.39,0.0,0.0,91,71
2024-08-07,10.07,0.23,0.0,0.0,82,68
2024-08-08,10.51,1.1,0.0,0.0,79,68
2024-08-09,15.43,0.2,0.0,0.0,86,77
2024-08-10,8.05,0.0,0.0,0.0,88,72
2024-08-11,7.38,0.0,0.0,0.0,82,69
2024-08-12,7.61,0.0,0.0,0.0,83,66
2024-08-13,7.16,0.0,0.0,0.0,83,63
2024-08-14,6.71,0.0,0.0,0.0,87,67
2024-08-15,5.82,0.0,0.0,0.0,88,68
2024-08-16,5.59,0.0,0.0,0.0,88,70
2024-08-17,5.82,0.6,0.0,0.0,79,71
2024-08-18,6.26,0.78,0.0,0.0,86,71
2024-08-19,8.95,0.0,0.0,0.0,86,68
2024-08-20,13.2,0.0,0.0,0.0,73,61
2024-08-21,10.51,0.0,0.0,0.0,75,57
2024-08-22,6.26,0.0,0.0,0.0,78,59
2024-08-23,6.26,0.0,0.0,0.0,82,61
2024-08-24,5.37,0.0,0.0,0.0,83,63
2024-08-25,7.16,0.0,0.0,0.0,86,65
2024-08-26,5.59,0.0,0.0,0.0,89,68
2024-08-27,5.14,0.0,0.0,0.0,90,68
2024-08-28,8.05,0.0,0.0,0.0,96,73
2024-08-29,10.51,0.0,0.0,0.0,86,70
2024-08-30,9.4,0.0,0.0,0.0,77,67
2024-08-31,5.82,0.0,0.0,0.0,83,69
2024-09-01,9.62,0.0,0.0,0.0,86,73
2024-09-02,13.87,0.01,0.0,0.0,80,64
2024-09-03,7.16,0.0,0.0,0.0,76,57
2024-09-04,4.25,0.0,0.0,0.0,80,57
2024-09-05,6.26,0.0,0.0,0.0,81,57
2024-09-06,5.37,0.0,0.0,0.0,77,62
2024-09-07,8.28,0.35,0.0,0.0,79,61
2024-09-08,10.96,0.0,0.0,0.0,72,55
2024-09-09,8.72,0.0,0.0,0.0,78,54
2024-09-10,6.26,0.0,0.0,0.0,81,60
2024-09-11,4.25,0.0,0.0,0.0,84,60
2024-09-12,4.7,0.0,0.0,0.0,83,62
2024-09-13,4.7,0.0,0.0,0.0,85,64
2024-09-14,5.14,0.0,0.0,0.0,87,62
2024-09-15,9.17,0.0,0.0,0.0,84,61
2024-09-16,9.4,0.0,0.0,0.0,77,61
2024-09-17,10.51,0.0,0.0,0.0,80,66
2024-09-18,9.84,0.04,0.0,0.0,80,68
2024-09-19,6.71,0.0,0.0,0.0,87,65
2024-09-20,5.59,0.0,0.0,0.0,85,65
2024-09-21,4.47,0.01,0.0,0.0,81,65
2024-09-22,6.93,0.0,0.0,0.0,79,63
2024-09-23,8.5,0.01,0.0,0.0,70,61
2024-09-24,8.95,0.0,0.0,0.0,72,62
2024-09-25,8.95,0.21,0.0,0.0,69,64
2024-09-26,5.14,0.0,0.0,0.0,81,67
2024-09-27,8.28,0.03,0.0,0.0,74,67
2024-09-28,10.74,0.11,0.0,0.0,73,65
2024-09-29,10.51,0.0,0.0,0.0,68,63
2024-09-30,8.5,0.0,0.0,0.0,75,62
2024-10-01,10.07,0.0,0.0,0.0,73,62
2024-10-02,5.82,0.0,0.0,0.0,74,61
2024-10-03,3.13,0.0,0.0,0.0,76,60
2024-10-04,4.03,0.0,0.0,0.0,77,59
2024-10-05,7.38,0.0,0.0,0.0,79,61
2024-10-06,6.93,0.0,0.0,0.0,77,54
2024-10-07,10.96,0.0,0.0,0.0,78,61
2024-10-08,8.95,0.0,0.0,0.0,71,54
2024-10-09,8.95,0.0,0.0,0.0,71,52
2024-10-10,9.62,0.0,0.0,0.0,64,49
2024-10-11,8.05,0.0,0.0,0.0,69,45
2024-10-12,8.95,0.0,0.0,0.0,79,55
2024-10-13,8.72,0.0,0.0,0.0,84,54
2024-10-14,15.43,0.0,0.0,0.0,70,48
2024-10-15,10.07,0.0,0.0,0.0,59,45
2024-10-16,11.63,0.0,0.0,0.0,60,45
2024-10-17,9.84,0.0,0.0,0.0,62,42
2024-10-18,5.82,0.0,0.0,0.0,71,47
2024-10-19,3.58,0.0,0.0,0.0,73,46
2024-10-20,5.14,0.0,0.0,0.0,76,45
2024-10-21,5.82,0.0,0.0,0.0,81,49
2024-10-22,3.8,0.0,0.0,0.0,84,56
2024-10-23,6.71,0.0,0.0,0.0,79,53
2024-10-24,11.63,0.0,0.0,0.0,69,52
2024-10-25,6.71,0.0,0.0,0.0,66,44
2024-10-26,9.62,0.0,0.0,0.0,67,50
2024-10-27,7.16,0.0,0.0,0.0,59,43
2024-10-28,2.91,0.0,0.0,0.0,66,40
2024-10-29,3.36,0.0,0.0,0.0,69,42
2024-10-30,5.37,0.0,0.0,0.0,76,53
2024-10-31,9.4,0.0,0.0,0.0,82,57
2024-11-01,14.32,0.0,0.0,0.0,81,57
2024-11-02,9.62,0.0,0.0,0.0,64,47
2024-11-03,6.71,0.0,0.0,0.0,59,41
2024-11-04,5.14,0.0,0.0,0.0,67,40
2024-11-05,7.83,0.0,0.0,0.0,76,50
2024-11-06,11.18,0.0,0.0,0.0,80,61
2024-11-07,8.72,0.0,0.0,0.0,78,58
2024-11-08,10.51,0.0,0.0,0.0,72,49
2024-11-09,7.38,0.0,0.0,0.0,58,41
2024-11-10,6.26,0.16,0.0,0.0,59,37
2024-11-11,11.63,0.15,0.0,0.0,74,54
2024-11-12,16.33,0.0,0.0,0.0,59,41
2024-11-13,6.93,0.0,0.0,0.0,51,34
2024-11-14,8.72,0.0,0.0,0.0,51,34
2024-11-15,8.72,0.0,0.0,0.0,58,44
2024-11-16,11.41,0.0,0.0,0.0,62,47
2024-11-17,5.59,0.0,0.0,0.0,61,41
2024-11-18,8.05,0.0,0.0,0.0,66,45
2024-11-19,4.92,0.01,0.0,0.0,60,46
2024-11-20,4.7,0.57,0.0,0.0,65,52
2024-11-21,13.87,0.32,0.0,0.0,53,42
2024-11-22,17.0,0.22,0.0,0.0,42,37
2024-11-23,15.21,0.0,0.0,0.0,54,38
2024-11-24,13.42,0.0,0.0,0.0,56,43
2024-11-25,4.92,0.0,0.0,0.0,57,37
2024-11-26,9.17,0.3,0.0,0.0,62,42
2024-11-27,5.82,0.0,0.0,0.0,53,37
2024-11-28,11.18,0.79,0.0,0.0,54,41
2024-11-29,13.42,0.0,0.0,0.0,48,33
2024-11-30,12.53,0.0,0.0,0.0,39,28
2024-12-01,10.29,0.0,0.0,0.0,41,26
2024-12-02,9.17,0.0,0.0,0.0,40,25
2024-12-03,10.74,0.0,0.0,0.0,42,31
2024-12-04,12.97,0.0,0.0,0.0,44,26
2024-12-05,19.69,0.03,0.0,0.0,44,28
2024-12-06,13.87,0.0,0.0,0.0,37,28
2024-12-07,12.53,0.0,0.0,0.0,39,29
2024-12-08,11.63,0.0,0.0,0.0,59,37
2024-12-09,3.58,0.0,0.0,0.0,54,33
2024-12-10,3.8,0.11,0.0,0.0,56,40
2024-12-11,13.87,0.87,0.0,0.0,64,40
2024-12-12,16.11,0.0,0.0,0.0,43,28
2024-12-13,7.83,0.0,0.0,0.0,37,27
2024-12-14,6.71,0.0,0.0,0.0,37,22
2024-12-15,6.26,0.15,0.0,0.0,41,26
2024-12-16,6.71,0.73,0.0,0.0,51,38
2024-12-17,10.51,0.04,0.0,0.0,63,41
2024-12-18,3.8,0.15,0.0,0.0,58,34
2024-12-19,8.95,0.01,0.0,0.0,47,37
2024-12-20,9.4,0.11,0.1,0.0,40,33
2024-12-21,14.99,0.02,0.0,0.0,35,22
2024-12-22,10.51,0.0,0.0,0.0,26,16
2024-12-23,5.37,0.0,0.0,0.0,30,11
2024-12-24,6.04,0.06,0.2,0.0,43,24
2024-12-25,3.8,0.0,0.0,0.0,40,31
2024-12-26,5.14,0.0,0.0,0.0,41,26
2024-12-27,2.46,0.01,0.0,0.0,47,26
2024-12-28,2.46,0.52,0.0,0.0,53,40
2024-12-29,10.07,0.31,0.0,0.0,66,48
2024-12-30,12.75,0.04,0.0,0.0,59,42
2024-12-31,7.83,0.29,0.0,0.0,60,33
2025-01-01,16.33,0.0,0.0,0.0,50,39
2025-01-02,18.34,0.0,0.0,0.0,43,35
2025-01-03,12.53,0.01,0.1,0.0,36,30
2025-01-04,17.0,0.0,0.0,0.0,32,27
2025-01-05,14.09,0.0,0.0,0.0,32,22
2025-01-06,8.5,0.11,1.8,0.0,30,24
2025-01-07,18.34,0.0,0.0,1.0,34,19
2025-01-08,16.33,0.0,0.0,1.0,31,22
2025-01-09,17.9,0.0,0.0,0.0,34,20
2025-01-10,11.86,0.0,0.0,0.0,37,25
2025-01-11,10.07,0.02,0.3,0.0,34,27
2025-01-12,6.93,0.0,0.0,0.0,43,27
2025-01-13,9.62,0.0,0.0,0.0,45,29
2025-01-14,15.88,0.0,0.0,0.0,35,24
2025-01-15,14.09,0.0,0.0,0.0,34,22
2025-01-16,7.83,0.02,0.4,0.0,29,19
2025-01-17,7.38,0.0,0.0,0.0,44,24
2025-01-18,2.46,0.03,0.0,0.0,42,27
2025-01-19,9.62,0.2,2.0,0.0,39,23
2025-01-20,12.53,0.0,0.0,2.0,26,13
2025-01-21,8.5,0.0,0.0,1.0,19,10
2025-01-22,6.26,0.0,0.0,1.0,20,11
2025-01-23,4.47,0.0,0.0,1.0,27,11
2025-01-24,7.83,0.0,0.0,1.0,34,17
2025-01-25,8.72,0.0,0.0,1.0,36,17
2025-01-26,8.28,0.0,0.0,1.0,42,26
2025-01-27,9.17,0.0,0.0,0.0,46,23
2025-01-28,10.96,0.0,0.0,0.0,45,30
2025-01-29,15.21,0.0,0.0,0.0,53,29
2025-01-30,6.26,0.0,0.0,0.0,42,29
2025-01-31,6.71,0.54,0.0,0.0,51,36
2025-02-01,15.43,0.02,0.0,0.0,50,23
2025-02-02,6.71,0.01,0.0,0.0,38,19
2025-02-03,4.7,0.0,0.0,0.0,52,28
2025-02-04,12.3,0.0,0.0,0.0,50,32
2025-02-05,7.16,0.0,0.0,0.0,37,31
2025-02-06,6.93,0.28,0.0,0.0,39,31
2025-02-07,12.08,0.0,0.0,0.0,46,28
2025-02-08,4.47,0.24,0.0,0.0,35,26
2025-02-09,8.72,0.0,0.0,0.0,39,31
2025-02-10,8.95,0.0,0.0,0.0,41,29
2025-02-11,4.7,0.28,2.6,0.0,37,27
2025-02-12,10.07,0.18,0.5,3.1,36,30
2025-02-13,12.75,0.07,0.0,1.2,49,35
2025-02-14,12.08,0.0,0.0,0.0,38,29
2025-02-15,6.26,0.4,0.0,0.0,40,28
2025-02-16,13.42,0.54,0.0,0.0,59,35
2025-02-17,23.26,0.0,0.0,0.0,38,28
2025-02-18,16.78,0.0,0.0,0.0,28,20
2025-02-19,9.84,0.0,0.0,0.0,30,16
2025-02-20,12.08,0.01,0.1,0.0,28,19
2025-02-21,15.88,0.0,0.0,0.0,38,23
2025-02-22,9.17,0.0,0.0,0.0,41,21
2025-02-23,7.83,0.0,0.0,0.0,49,26
2025-02-24,6.71,0.0,0.0,0.0,55,28
2025-02-25,6.04,0.0,0.0,0.0,59,37
2025-02-26,6.71,0.0,0.0,0.0,61,35
2025-02-27,6.71,0.02,0.0,0.0,54,42
2025-02-28,10.74,0.0,0.0,0.0,52,37
2025-03-01,16.33,0.0,0.0,0.0,66,29
2025-03-02,13.2,0.0,0.0,0.0,37,20
2025-03-03,5.82,0.0,0.0,0.0,41,24
2025-03-04,9.62,0.0,0.0,0.0,63,29
2025-03-05,15.43,1.54,0.0,0.0,62,49
2025-03-06,19.01,0.0,0.0,0.0,57,37
2025-03-07,19.01,0.0,0.0,0.0,53,35
2025-03-08,13.87,0.0,0.0,0.0,51,38
2025-03-09,12.75,0.0,0.0,0.0,56,30
2025-03-10,8.95,0.0,0.0,0.0,68,38
2025-03-11,5.82,0.0,0.0,0.0,68,35
2025-03-12,10.07,0.0,0.0,0.0,64,40
2025-03-13,10.51,0.0,0.0,0.0,57,38
2025-03-14,5.59,0.0,0.0,0.0,62,42
2025-03-15,5.14,0.0,0.0,0.0,55,41
2025-03-16,15.21,0.53,0.0,0.0,70,50
2025-03-17,14.99,0.89,0.0,0.0,62,36
2025-03-18,8.95,0.0,0.0,0.0,64,33
2025-03-19,4.7,0.0,0.0,0.0,72,37
2025-03-20,10.29,0.58,0.0,0.0,72,45
2025-03-21,18.12,0.0,0.0,0.0,55,40
2025-03-22,13.65,0.0,0.0,0.0,65,39
2025-03-23,8.5,0.04,0.0,0.0,50,34
2025-03-24,8.72,0.51,0.0,0.0,54,40
2025-03-25,11.41,0.0,0.0,0.0,62,46
2025-03-26,12.53,0.0,0.0,0.0,52,39
2025-03-27,10.74,0.0,0.0,0.0,54,33
2025-03-28,7.61,0.0,0.0,0.0,64,42
2025-03-29,12.3,0.0,0.0,0.0,79,47
2025-03-30,9.4,0.0,0.0,0.0,68,45
2025-03-31,11.18,1.27,0.0,0.0,82,50
2025-04-01,14.09,0.16,0.0,0.0,62,44
2025-04-02,10.51,0.02,0.0,0.0,57,38
2025-04-03,9.84,0.04,0.0,0.0,76,48
2025-04-04,8.05,0.88,0.0,0.0,71,60
2025-04-05,8.5,0.02,0.0,0.0,62,49
2025-04-06,6.93,0.02,0.0,0.0,55,48
2025-04-07,9.17,0.28,0.0,0.0,51,41
2025-04-08,17.22,0.0,0.0,0.0,48,38
2025-04-09,10.07,0.0,0.0,0.0,50,33
2025-04-10,10.07,0.0,0.0,0.0,54,42
2025-04-11,12.08,1.24,0.0,0.0,48,42
2025-04-12,14.09,0.14,0.0,0.0,45,38
2025-04-13,11.41,0.0,0.0,0.0,62,42
2025-04-14,4.25,0.0,0.0,0.0,70,44
2025-04-15,16.11,0.0,0.0,0.0,69,48
2025-04-16,18.57,0.0,0.0,0.0,57,44
2025-04-17,9.62,0.0,0.0,0.0,63,37
2025-04-18,9.4,0.0,0.0,0.0,72,42
2025-04-19,12.97,0.0,0.0,0.0,80,63
2025-04-20,10.74,0.0,0.0,0.0,73,51
2025-04-21,5.82,0.0,0.0,0.0,66,50
2025-04-22,8.05,0.0,0.0,0.0,80,53
2025-04-23,8.05,0.0,0.0,0.0,77,54
2025-04-24,7.61,0.0,0.0,0.0,79,50
2025-04-25,7.16,0.0,0.0,0.0,79,51
2025-04-26,14.32,0.03,0.0,0.0,75,53
2025-04-27,16.55,0.0,0.0,0.0,72,50
2025-04-28,6.04,0.0,0.0,0.0,75,47
2025-04-29,12.3,0.0,0.0,0.0,83,50
2025-04-30,10.74,0.0,0.0,0.0,80,57
2025-05-01,7.61,0.0,0.0,0.0,81,54
2025-05-02,8.95,0.0,0.0,0.0,86,59
2025-05-03,9.4,0.04,0.0,0.0,85,64
2025-05-04,6.93,0.12,0.0,0.0,73,63
2025-05-05,8.72,0.0,0.0,0.0,73,61
2025-05-06,10.96,0.03,0.0,0.0,81,61
2025-05-07,9.17,0.0,0.0,0.0,75,60
2025-05-08,7.38,0.0,0.0,0.0,81,59
2025-05-09,11.41,0.18,0.0,0.0,64,51
2025-05-10,12.97,0.0,0.0,0.0,74,49
2025-05-11,6.71,0.0,0.0,0.0,82,55
2025-05-12,5.59,0.0,0.0,0.0,83,55
2025-05-13,8.05,0.28,0.0,0.0,71,62
2025-05-14,10.51,1.3,0.0,0.0,66,59
2025-05-15,4.25,0.03,0.0,0.0,77,63
2025-05-16,5.82,1.5,0.0,0.0,77,60
2025-05-17,10.96,0.0,0.0,0.0,86,62
2025-05-18,15.88,0.0,0.0,0.0,77,64
2025-05-19,14.09,0.0,0.0,0.0,71,56
2025-05-20,7.61,0.0,0.0,0.0,69,50
2025-05-21,11.41,0.45,0.0,0.0,57,52
2025-05-22,8.28,0.56,0.0,0.0,56,51
2025-05-23,10.51,0.0,0.0,0.0,69,51
2025-05-24,12.75,0.0,0.0,0.0,68,50
2025-05-25,10.07,0.0,0.0,0.0,71,52
2025-05-26,5.37,0.0,0.0,0.0,75,53
2025-05-27,4.92,0.01,0.0,0.0,74,54
2025-05-28,9.17,0.77,0.0,0.0,59,53
2025-05-29,7.61,0.01,0.0,0.0,74,57
2025-05-30,5.82,0.88,0.0,0.0,79,63
2025-05-31,15.43,0.06,0.0,0.0,75,55
2025-06-01,13.42,0.0,0.0,0.0,71,52
2025-06-02,7.16,0.0,0.0,0.0,75,52
2025-06-03,5.59,0.0,0.0,0.0,82,57
2025-06-04,6.93,0.0,0.0,0.0,88,59
2025-06-05,8.05,0.0,0.0,0.0,87,66
2025-06-06,6.71,0.0,0.0,0.0,87,67
2025-06-07,5.14,0.16,0.0,0.0,81,69
2025-06-08,9.84,0.01,0.0,0.0,74,63
2025-06-09,7.38,0.04,0.0,0.0,74,63
2025-06-10,7.61,0.12,0.0,0.0,84,64
2025-06-11,7.16,0.0,0.0,0.0,85,67
2025-06-12,10.07,0.0,0.0,0.0,92,68
2025-06-13,8.95,0.0,0.0,0.0,83,70
2025-06-14,9.17,0.02,0.0,0.0,70,62
2025-06-15,8.72,0.31,0.0,0.0,65,59
2025-06-16,8.5,0.03,0.0,0.0,67,61
2025-06-17,4.7,0.0,0.0,0.0,79,63
2025-06-18,5.14,0.06,0.0,0.0,86,70
2025-06-19,10.96,0.39,0.0,0.0,93,72
2025-06-20,12.3,0.0,0.0,0.0,86,67
2025-06-21,7.83,0.0,0.0,0.0,91,72
2025-06-22,10.51,0.01,0.0,0.0,88,75
2025-06-23,7.16,0.0,0.0,0.0,99,77
2025-06-24,6.49,0.0,0.0,0.0,101,80
2025-06-25,7.38,0.13,0.0,0.0,99,77
2025-06-26,9.84,0.09,0.0,0.0,92,66
2025-06-27,10.29,0.0,0.0,0.0,72,64
2025-06-28,6.04,0.01,0.0,0.0,88,64
2025-06-29,5.14,0.0,0.0,0.0,93,76
2025-06-30,3.58,0.82,0.0,0.0,94,75
2025-07-01,7.61,0.79,0.0,0.0,93,74
2025-07-02,6.04,0.06,0.0,0.0,87,72
2025-07-03,7.61,0.11,0.0,0.0,92,71
2025-07-04,6.26,0.0,0.0,0.0,85,68
2025-07-05,4.92,0.0,0.0,0.0,88,66
2025-07-06,7.61,0.0,0.0,0.0,90,71
2025-07-07,6.04,0.01,0.0,0.0,91,76
2025-07-08,8.5,1.04,0.0,0.0,96,74
2025-07-09,6.26,0.84,0.0,0.0,91,72
2025-07-10,3.13,0.0,0.0,0.0,86,72
2025-07-11,5.37,0.0,0.0,0.0,90,73
2025-07-12,4.92,0.0,0.0,0.0,91,74
2025-07-13,5.14,0.0,0.0,0.0,92,75
2025-07-14,6.71,0.17,0.0,0.0,91,75
2025-07-15,4.7,0.0,0.0,0.0,90,75
2025-07-16,8.05,0.12,0.0,0.0,91,76
2025-07-17,12.53,0.07,0.0,0.0,95,75
2025-07-18,7.38,0.0,0.0,0.0,85,76
2025-07-19,6.26,0.02,0.0,0.0,82,75
2025-07-20,6.26,0.0,0.0,0.0,91,76
2025-07-21,8.72,0.0,0.0,0.0,89,73
2025-07-22,8.5,0.0,0.0,0.0,86,68
2025-07-23,6.26,0.0,0.0,0.0,86,69
2025-07-24,9.17,0.0,0.0,0.0,90,69
2025-07-25,9.4,0.34,0.0,0.0,98,76
2025-07-26,7.61,0.0,0.0,0.0,88,75
2025-07-27,7.61,0.35,0.0,0.0,91,72
2025-07-28,5.37,0.0,0.0,0.0,94,76
2025-07-29,6.71,0.0,0.0,0.0,98,79
2025-07-30,6.71,0.0,0.0,0.0,97,78
2025-07-31,8.72,0.69,0.0,0.0,93,70
2025-08-01,10.07,0.0,0.0,0.0,73,66
2025-08-02,4.92,0.0,0.0,0.0,83,64
2025-08-03,4.92,0.0,0.0,0.0,85,64
2025-08-04,3.8,0.0,0.0,0.0,89,65
2025-08-05,4.03,0.0,0.0,0.0,85,69
2025-08-06,8.95,0.0,0.0,0.0,79,70
2025-08-07,8.95,0.0,0.0,0.0,84,66
2025-08-08,6.71,0.0,0.0,0.0,85,63
2025-08-09,5.82,0.0,0.0,0.0,87,62
2025-08-10,5.37,0.0,0.0,0.0,88,64
2025-08-11,5.14,0.0,0.0,0.0,88,67
2025-08-12,6.71,0.0,0.0,0.0,90,72
2025-08-13,6.71,0.1,0.0,0.0,92,75
2025-08-14,4.25,0.0,0.0,0.0,91,74
2025-08-15,6.93,0.0,0.0,0.0,94,75
2025-08-16,5.14,0.0,0.0,0.0,90,75
2025-08-17,8.28,1.43,0.0,0.0,93,74
2025-08-18,10.07,0.06,0.0,0.0,77,65
2025-08-19,10.07,0.0,0.0,0.0,79,68
2025-08-20,10.29,0.09,0.0,0.0,74,64
2025-08-21,14.76,0.05,0.0,0.0,74,62
2025-08-22,6.71,0.0,0.0,0.0,84,61
2025-08-23,8.5,0.0,0.0,0.0,84,64
2025-08-24,5.59,0.0,0.0,0.0,85,64
2025-08-25,9.62,0.0,0.0,0.0,86,70
2025-08-26,7.61,0.0,0.0,0.0,80,64
2025-08-27,9.4,0.0,0.0,0.0,78,60
2025-08-28,5.59,0.0,0.0,0.0,80,59
2025-08-29,7.83,0.0,0.0,0.0,80,63
2025-08-30,6.93,0.0,0.0,0.0,77,57
2025-08-31,4.92,0.0,0.0,0.0,81,57
2025-09-01,7.61,0.0,0.0,0.0,82,62
2025-09-02,5.59,0.01,0.0,0.0,81,61
2025-09-03,4.7,0.0,0.0,0.0,82,60
2025-09-04,10.51,0.02,0.0,0.0,85,64
2025-09-05,10.07,0.0,0.0,0.0,88,68
2025-09-06,9.17,0.11,0.0,0.0,90,69
2025-09-07,7.16,0.42,0.0,0.0,77,63
2025-09-08,6.71,0.0,0.0,0.0,77,56
2025-09-09,10.29,0.0,0.0,0.0,77,57
2025-09-10,9.17,0.0,0.0,0.0,72,65
2025-09-11,5.14,0.0,0.0,0.0,83,64
2025-09-12,3.8,0.0,0.0,0.0,84,61
2025-09-13,5.59,0.0,0.0,0.0,83,64
2025-09-14,4.47,0.0,0.0,0.0,88,65
2025-09-15,8.05,0.0,0.0,0.0,85,65
2025-09-16,12.97,0.02,0.0,0.0,78,64
2025-09-17,12.97,0.45,0.0,0.0,73,65
2025-09-18,6.93,0.0,0.0,0.0,84,66
2025-09-19,5.82,0.0,0.0,0.0,89,66
2025-09-20,10.29,0.0,0.0,0.0,79,62
2025-09-21,7.16,0.0,0.0,0.0,77,59
2025-09-22,4.25,0.0,0.0,0.0,78,57
2025-09-23,7.83,0.1,0.0,0.0,86,65
2025-09-24,2.91,0.24,0.0,0.0,80,68
2025-09-25,8.05,0.11,0.0,0.0,84,70
2025-09-26,4.92,0.0,0.0,0.0,84,69
2025-09-27,4.7,0.14,0.0,0.0,82,67
2025-09-28,5.14,0.17,0.0,0.0,86,65
2025-09-29,5.14,0.0,0.0,0.0,81,68
2025-09-30,6.71,0.0,0.0,0.0,83,67
2025-10-01,10.07,0.0,0.0,0.0,74,57
2025-10-02,5.82,0.0,0.0,0.0,72,54
2025-10-03,5.14,0.0,0.0,0.0,72,52
2025-10-04,6.26,0.0,0.0,0.0,82,56
2025-10-05,4.7,0.0,0.0,0.0,83,60
2025-10-06,6.93,0.0,0.0,0.0,82,60
2025-10-07,11.41,0.0,0.0,0.0,82,64
2025-10-08,12.75,0.35,0.0,0.0,73,57
2025-10-09,8.72,0.0,0.0,0.0,66,49
2025-10-10,6.04,0.0,0.0,0.0,65,45
2025-10-11,7.38,0.06,0.0,0.0,67,52
2025-10-12,19.69,0.01,0.0,0.0,65,57
2025-10-13,18.34,0.18,0.0,0.0,61,56
2025-10-14,12.97,0.0,0.0,0.0,71,54
2025-10-15,11.63,0.0,0.0,0.0,72,54
2025-10-16,14.32,0.0,0.0,0.0,64,47
2025-10-17,7.38,0.0,0.0,0.0,67,46
2025-10-18,4.25,0.0,0.0,0.0,72,48
2025-10-19,10.07,0.0,0.0,0.0,77,52
2025-10-20,17.0,0.06,0.0,0.0,70,53
2025-10-21,7.61,0.13,0.0,0.0,72,47
2025-10-22,11.63,0.02,0.0,0.0,66,54
2025-10-23,12.08,0.0,0.0,0.0,63,49
2025-10-24,9.62,0.0,0.0,0.0,61,45
2025-10-25,5.59,0.0,0.0,0.0,62,44
2025-10-26,4.92,0.0,0.0,0.0,64,45
2025-10-27,7.38,0.0,0.0,0.0,61,43
2025-10-28,13.87,0.0,0.0,0.0,57,44
2025-10-29,12.08,0.18,0.0,0.0,61,49
2025-10-30,12.53,1.03,0.0,0.0,71,53
2025-10-31,19.91,0.0,0.0,0.0,62,51
2025-11-01,11.86,0.0,0.0,0.0,63,47
2025-11-02,2.46,0.0,0.0,0.0,66,41
2025-11-03,5.59,0.0,0.0,0.0,59,45
2025-11-04,12.3,0.0,0.0,0.0,64,46
2025-11-05,10.96,0.0,0.0,0.0,70,42
2025-11-06,12.75,0.0,0.0,0.0,60,41
2025-11-07,8.5,0.0,0.0,0.0,62,36
2025-11-08,6.49,0.09,0.0,0.0,69,53
2025-11-09,4.7,0.61,0.0,0.0,65,47
2025-11-10,12.3,0.03,0.0,0.0,58,37
2025-11-11,19.91,0.0,0.0,0.0,45,32
2025-11-12,10.96,0.0,0.0,0.0,56,40
2025-11-13,13.65,0.0,0.0,0.0,54,42
2025-11-14,10.29,0.0,0.0,0.0,57,38
2025-11-15,4.47,0.0,0.0,0.0,55,40
2025-11-16,18.57,0.0,0.0,0.0,62,44
2025-11-17,15.21,0.0,0.0,0.0,49,40
2025-11-18,8.95,0.0,0.0,0.0,49,35
2025-11-19,6.93,0.36,0.0,0.0,47,41
2025-11-20,3.8,0.0,0.0,0.0,50,39
2025-11-21,3.8,0.0,0.0,0.0,55,47
2025-11-22,7.16,0.35,0.0,0.0,53,42
2025-11-23,6.93,0.0,0.0,0.0,55,34
2025-11-24,7.61,0.0,0.0,0.0,55,39
2025-11-25,4.47,0.53,0.0,0.0,57,41
2025-11-26,8.95,0.28,0.0,0.0,63,47
2025-11-27,15.43,0.0,0.0,0.0,47,35
2025-11-28,17.45,0.0,0.0,0.0,43,33
2025-11-29,8.28,0.0,0.0,0.0,44,31
2025-11-30,9.4,0.05,0.0,0.0,43,35
2025-12-01,9.84,0.0,0.0,0.0,46,32
2025-12-02,8.72,0.89,0.0,0.0,42,32
2025-12-03,8.72,0.0,0.0,0.0,44,32
2025-12-04,12.08,0.0,0.0,0.0,43,29
2025-12-05,7.83,0.0,0.0,0.0,34,25
2025-12-06,5.59,0.01,0.0,0.0,43,30
2025-12-07,5.82,0.0,0.0,0.0,43,29
2025-12-08,11.63,0.0,0.0,0.0,38,24
2025-12-09,8.5,0.0,0.0,0.0,35,18
2025-12-10,12.08,0.05,0.0,0.0,47,32
2025-12-11,16.78,0.0,0.0,0.0,41,29
2025-12-12,9.62,0.0,0.0,0.0,38,25
2025-12-13,5.37,0.03,0.0,0.0,46,25
2025-12-14,11.86,0.46,4.2,2.0,35,21
2025-12-15,12.3,0.0,0.0,3.0,28,19
2025-12-16,5.59,0.0,0.0,2.0,35,20
2025-12-17,7.61,0.0,0.0,1.0,46,26
2025-12-18,4.47,0.0,0.0,0.0,57,28
2025-12-19,19.69,1.48,0.0,0.0,61,31
2025-12-20,9.17,0.0,0.0,0.0,41,27
2025-12-21,12.75,0.0,0.0,0.0,48,31
2025-12-22,6.93,0.0,0.0,0.0,41,24
2025-12-23,5.14,0.04,0.0,0.0,41,35
2025-12-24,10.96,0.0,0.0,0.0,51,36
2025-12-25,10.07,0.0,0.0,0.0,53,32
2025-12-26,7.16,0.32,0.3,0.0,33,27
2025-12-27,8.28,0.01,0.0,0.0,34,29
2025-12-28,3.58,0.0,0.0,0.0,42,26
2025-12-29,17.45,0.06,0.0,0.0,55,32
2025-12-30,20.8,0.0,0.0,0.0,35,29
2025-12-31,13.65,0.0,0.0,0.0,35,27
2026-01-01,14.76,0.01,0.3,0.0,38,24
2026-01-02,8.5,0.0,0.0,0.0,34,23
2026-01-03,6.49,0.0,0.0,0.0,33,23
2026-01-04,9.17,0.0,0.0,0.0,38,28
2026-01-05,5.14,0.0,0.0,0.0,39,25
2026-01-06,4.25,0.0,0.0,0.0,45,31
2026-01-07,7.61,0.0,0.0,0.0,57,38
2026-01-08,3.36,0.0,0.0,0.0,55,34
2026-01-09,4.7,0.04,0.0,0.0,57,31
2026-01-10,6.26,0.96,0.0,0.0,50,43
2026-01-11,14.76,0.01,0.0,0.0,49,36
2026-01-12,12.3,0.0,0.0,0.0,45,30
2026-01-13,7.61,0.0,0.0,0.0,51,28
2026-01-14,7.16,0.0,0.0,0.0,57,44
2026-01-15,16.55,0.03,0.0,0.0,45,25
2026-01-16,13.65,0.0,0.0,0.0,37,23
2026-01-17,5.59,0.13,0.5,0.0,40,30
2026-01-18,7.38,0.27,1.1,0.0,35,27
2026-01-19,10.74,0.0,0.0,1.0,36,21
2026-01-20,11.63,0.0,0.0,1.0,30,18
2026-01-21,8.05,0.0,0.0,1.0,39,14
2026-01-22,14.54,0.0,0.0,1.0,52,37
2026-01-23,14.54,0.0,0.0,0.0,42,18
2026-01-24,12.08,0.0,0.0,0.0,20,11
2026-01-25,13.65,1.39,9.3,2.0,24,15
2026-01-26,13.2,0.0,0.0,7.0,28,20
2026-01-27,13.65,0.0,0.0,6.0,25,15
2026-01-28,9.4,0.0,0.0,6.0,23,14
2026-01-29,12.75,0.0,0.0,6.0,23,13
2026-01-30,10.51,0.0,0.0,6.0,20,11
2026-01-31,10.29,0.0,0.0,6.0,24,10
2026-02-01,17.0,0.0,0.0,6.0,27,14
2026-02-02,11.86,0.0,0.0,6.0,35,19
2026-02-03,6.49,0.0,0.0,5.0,37,18
2026-02-04,6.49,0.0,0.0,5.0,36,26
2026-02-05,5.37,0.0,0.0,5.0,34,18
2026-02-06,5.37,0.01,0.1,5.0,33,20
2026-02-07,23.26,0.01,0.2,5.0,31,10
2026-02-08,17.67,0.0,0.0,5.0,20,8
2026-02-09,8.28,0.0,0.0,5.0,31,11
2026-02-10,3.13,0.0,0.0,5.0,40,21
2026-02-11,13.2,0.0,0.0,4.0,46,31
2026-02-12,14.09,0.0,0.0,4.0,38,29
2026-02-13,9.17,0.0,0.0,3.0,38,25
2026-02-14,7.61,0.0,0.0,3.0,50,25
2026-02-15,5.37,0.18,0.0,2.0,45,30
2026-02-16,8.5,0.05,0.0,1.0,41,34
2026-02-17,8.05,0.0,0.0,0.0,42,35
2026-02-18,2.68,0.0,0.0,0.0,47,34
2026-02-19,8.95,0.03,0.0,0.0,45,38
2026-02-20,7.38,0.58,0.0,0.0,46,38
2026-02-21,6.93,0.0,0.0,0.0,52,35
2026-02-22,11.41,0.77,6.5,0.0,41,32
2026-02-23,18.79,0.6,7.5,12.0,39,31
2026-02-24,12.75,0.0,0.0,9.0,35,28
2026-02-25,7.83,0.01,0.1,7.0,47,30
2026-02-26,5.14,0.0,0.0,3.0,49,31
2026-02-27,3.58,0.0,0.0,1.0,53,28
2026-02-28,2.91,0.0,0.0,0.0,60,29
2026-03-01,9.4,0.0,0.0,0.0,49,33
2026-03-02,7.16,0.0,0.0,0.0,35,26
2026-03-03,5.37,0.28,0.0,0.0,42,33
2026-03-04,3.13,0.06,0.0,0.0,50,40
2026-03-05,5.59,0.49,0.0,0.0,49,42
2026-03-06,8.95,0.03,0.0,0.0,45,40
2026-03-07,2.68,0.0,0.0,0.0,53,39
2026-03-08,6.04,0.01,0.0,0.0,73,46
2026-03-09,6.04,0.0,0.0,0.0,75,40
2026-03-10,5.14,0.0,0.0,0.0,83,40
2026-03-11,6.49,0.02,0.0,0.0,83,52
2026-03-12,12.53,0.16,0.0,0.0,69,35
2026-03-13,11.41,0.0,0.0,0.0,49,31
2026-03-14,12.53,0.0,0.0,0.0,57,36
2026-03-15,11.63,0.01,0.0,0.0,52,39
2026-03-16,15.88,0.51,0.0,0.0,68,41
2026-03-17,18.57,0.0,0.0,0.0,43,32
2026-03-18,8.28,0.0,0.0,0.0,40,28
2026-03-19,7.38,0.0,0.0,0.0,50,33
2026-03-20,9.4,0.09,0.0,0.0,67,38
2026-03-21,7.61,0.0,0.0,0.0,62,45
2026-03-22,9.17,0.0,0.0,0.0,75,45
2026-03-23,14.32,0.11,0.0,0.0,58,37
2026-03-24,8.95,0.0,0.0,0.0,50,33
2026-03-25,8.95,0.0,0.0,0.0,57,38
2026-03-26,14.54,0.0,0.0,0.0,78,49
2026-03-27,12.3,0.13,0.0,0.0,70,40
2026-03-28,13.2,0.0,0.0,0.0,48,33
2026-03-29,8.95,0.0,0.0,0.0,60,31
2026-03-30,14.54,0.0,0.0,0.0,72,48
2026-03-31,14.99,0.0,0.0,0.0,81,62
